,rank_small,title,url,reviews_url,stars,reviews,rank_big,rank_big_name,asin,brand,on_shelf,buy_limit,price,sell,date,type,class,insert_date
0,1,"Apple Watch Series?7 GPS, 45mm Midnight Aluminum Case with Midnight Sport Band…",https://www.amazon.com/Apple-Watch-Midnight-Aluminum-Sport/dp/B09HF6XBPF/ref=zg_bs_7939901011_1?_encoding=UTF8&psc=1&refRID=G703EWWAP8XVEPFFQK0B,https://www.amazon.com/product-reviews/B09HF6XBPF/ref=zg_bs_7939901011_cr_1?ie=UTF8&refRID=G703EWWAP8XVEPFFQK0B,4.5,86,-1,Electronics,B09HF6XBPF,Apple,?2021年September28日,-1,429.00,-1,2021-11-08,bsr,watches,2021-11-08
1,2,"Fitbit Sense Advanced Smartwatch with Tools for Heart Health, Stress Management & Skin…",https://www.amazon.com/Fitbit-Advanced-Smartwatch-Management-Temperature/dp/B08DFCWVZ4/ref=zg_bs_7939901011_2?_encoding=UTF8&psc=1&refRID=G703EWWAP8XVEPFFQK0B,https://www.amazon.com/product-reviews/B08DFCWVZ4/ref=zg_bs_7939901011_cr_2?ie=UTF8&refRID=G703EWWAP8XVEPFFQK0B,4.4,21207,55,Electronics,B08DFCWVZ4,Fitbit,2020年August25日,-1,199.95,-1,2021-11-08,bsr,watches,2021-11-08
2,3,"Fitbit Sense Advanced Smartwatch with Tools for Heart Health, Stress Management & Skin…",https://www.amazon.com/Fitbit-Advanced-Smartwatch-Management-Temperature/dp/B08DFLG5SP/ref=zg_bs_7939901011_3?_encoding=UTF8&psc=1&refRID=G703EWWAP8XVEPFFQK0B,https://www.amazon.com/product-reviews/B08DFLG5SP/ref=zg_bs_7939901011_cr_3?ie=UTF8&refRID=G703EWWAP8XVEPFFQK0B,4.4,21207,119,Electronics,B08DFLG5SP,Fitbit,2020年August25日,-1,199.95,-1,2021-11-08,bsr,watches,2021-11-08
3,4,"Apple Watch Series?7 GPS, 41mm Starlight Aluminum Case with Starlight Sport Band…",https://www.amazon.com/Apple-Watch-Starlight-Aluminum-Sport/dp/B09HF6H3X3/ref=zg_bs_7939901011_4?_encoding=UTF8&psc=1&refRID=G703EWWAP8XVEPFFQK0B,https://www.amazon.com/product-reviews/B09HF6H3X3/ref=zg_bs_7939901011_cr_4?ie=UTF8&refRID=G703EWWAP8XVEPFFQK0B,4.5,86,-1,Electronics,B09HF6H3X3,Apple,?2021年September28日,-1,399.00,-1,2021-11-08,bsr,watches,2021-11-08
4,5,Minecraft Touchscreen Interactive Smart Watch (Model: MIN4045AZ),https://www.amazon.com/Minecraft-Touchscreen-Interactive-Smart-Watch/dp/B08YFKKRY3/ref=zg_bs_7939901011_5?_encoding=UTF8&psc=1&refRID=G703EWWAP8XVEPFFQK0B,https://www.amazon.com/product-reviews/B08YFKKRY3/ref=zg_bs_7939901011_cr_5?ie=UTF8&refRID=G703EWWAP8XVEPFFQK0B,4.4,474,142,Electronics,B08YFKKRY3,Minecraft,2021年March9日,-1,34.99,-1,2021-11-08,bsr,watches,2021-11-08
5,6,"Apple Watch SE (GPS, 40mm) - Space Grey Aluminium Case with Midnight Sport Band…",https://www.amazon.com/Apple-Watch-GPS-40mm-Aluminium/dp/B09G96SSLB/ref=zg_bs_7939901011_6?_encoding=UTF8&psc=1&refRID=G703EWWAP8XVEPFFQK0B,https://www.amazon.com/product-reviews/B09G96SSLB/ref=zg_bs_7939901011_cr_6?ie=UTF8&refRID=G703EWWAP8XVEPFFQK0B,4.8,22999,-1,Electronics,B09G96SSLB,Apple,?2021年September14日,-1,279.00,-1,2021-11-08,bsr,watches,2021-11-08
6,7,"Garmin 010-02173-11 Venu, GPS Smartwatch with Bright Touchscreen Display, Features…",https://www.amazon.com/Garmin-Smartwatch-Touchscreen-Monitoring-010-02173-11/dp/B07WLN9RYD/ref=zg_bs_7939901011_7?_encoding=UTF8&psc=1&refRID=G703EWWAP8XVEPFFQK0B,https://www.amazon.com/product-reviews/B08JZ7Y1KG/ref=zg_bs_7939901011_cr_7?ie=UTF8&refRID=G703EWWAP8XVEPFFQK0B,4.6,4797,143,Electronics,B07WLN9RYD,Garmin,2019年September5日,-1,199.95,-1,2021-11-08,bsr,watches,2021-11-08
7,8,"Apple Watch Series?7 GPS, 41mm Midnight Aluminum Case with Midnight Sport Band…",https://www.amazon.com/Apple-Watch-Midnight-Aluminum-Sport/dp/B09HF7W3N6/ref=zg_bs_7939901011_8?_encoding=UTF8&psc=1&refRID=G703EWWAP8XVEPFFQK0B,https://www.amazon.com/product-reviews/B09HF7W3N6/ref=zg_bs_7939901011_cr_8?ie=UTF8&refRID=G703EWWAP8XVEPFFQK0B,4.5,86,-1,Electronics,B09HF7W3N6,Apple,?2021年September28日,-1,399.99,-1,2021-11-08,bsr,watches,2021-11-08
8,9,Marvel Spider-Man Touchscreen Interactive Smart Watch (Model: SPD4588AZ),https://www.amazon.com/Marvel-Spider-Man-Touchscreen-Interactive-Smart/dp/B07RNYC69S/ref=zg_bs_7939901011_9?_encoding=UTF8&psc=1&refRID=G703EWWAP8XVEPFFQK0B,https://www.amazon.com/product-reviews/B07RNYC69S/ref=zg_bs_7939901011_cr_9?ie=UTF8&refRID=G703EWWAP8XVEPFFQK0B,4.5,6142,181,Electronics,B07RNYC69S,Marvel,2019年January1日,-1,34.99,-1,2021-11-08,bsr,watches,2021-11-08
9,10,"Fitbit Sense Advanced Smartwatch with Tools for Heart Health, Stress Management & Skin…",https://www.amazon.com/Fitbit-Advanced-Smartwatch-Management-Temperature/dp/B09B7W8K38/ref=zg_bs_7939901011_10?_encoding=UTF8&psc=1&refRID=G703EWWAP8XVEPFFQK0B,https://www.amazon.com/product-reviews/B09B7W8K38/ref=zg_bs_7939901011_cr_10?ie=UTF8&refRID=G703EWWAP8XVEPFFQK0B,4.4,21207,190,Electronics,B09B7W8K38,Fitbit,2021年August16日,-1,199.95,-1,2021-11-08,bsr,watches,2021-11-08
10,11,"Smart Watch, Popglory Smartwatch with Blood Pressure, Blood Oxygen Monitor, Fitness…",https://www.amazon.com/Popglory-Smartwatch-Pressure-Monitor-Fitness/dp/B08DXQSVDC/ref=zg_bs_7939901011_11?_encoding=UTF8&psc=1&refRID=G703EWWAP8XVEPFFQK0B,https://www.amazon.com/product-reviews/B08DXQSVDC/ref=zg_bs_7939901011_cr_11?ie=UTF8&refRID=G703EWWAP8XVEPFFQK0B,4.0,8938,207,Electronics,B08DXQSVDC,Popglory,2020年July30日,-1,29.99,-1,2021-11-08,bsr,watches,2021-11-08
11,12,"Apple Watch Series 7 GPS + Cellular, 45mm Midnight Aluminum Case with Midnight…",https://www.amazon.com/Apple-Watch-Cellular-Midnight-Aluminum/dp/B09HDSCKDJ/ref=zg_bs_7939901011_12?_encoding=UTF8&psc=1&refRID=G703EWWAP8XVEPFFQK0B,https://www.amazon.com/product-reviews/B09HDSCKDJ/ref=zg_bs_7939901011_cr_12?ie=UTF8&refRID=G703EWWAP8XVEPFFQK0B,4.5,86,-1,Electronics,B09HDSCKDJ,Apple,?2021年September28日,-1,519.99,-1,2021-11-08,bsr,watches,2021-11-08
12,13,Samsung Electronics Galaxy Watch 4 40mm Smartwatch with ECG Monitor Tracker for…,https://www.amazon.com/Samsung-Electronics-Smartwatch-Detection-Bluetooth/dp/B096BJLZZM/ref=zg_bs_7939901011_13?_encoding=UTF8&psc=1&refRID=G703EWWAP8XVEPFFQK0B,https://www.amazon.com/product-reviews/B096BJLZZM/ref=zg_bs_7939901011_cr_13?ie=UTF8&refRID=G703EWWAP8XVEPFFQK0B,4.5,956,272,Electronics,B096BJLZZM,Samsung Electronics,2021年August11日,-1,199.00,-1,2021-11-08,bsr,watches,2021-11-08
13,14,"Disney Frozen Touch-Screen Smartwatch, Built in Selfie-Camera, Easy-to-Buckle Strap,…",https://www.amazon.com/Disney-FZN4151AZ-Touchscreen-Model/dp/B07WV5Y56Z/ref=zg_bs_7939901011_14?_encoding=UTF8&psc=1&refRID=G703EWWAP8XVEPFFQK0B,https://www.amazon.com/product-reviews/B09C32PXG3/ref=zg_bs_7939901011_cr_14?ie=UTF8&refRID=G703EWWAP8XVEPFFQK0B,4.5,1353,279,Electronics,B07WV5Y56Z,Disney,2021-08-06,-1,34.99,-1,2021-11-08,bsr,watches,2021-11-08
14,15,"Garmin Venu Sq, GPS Smartwatch with Bright Touchscreen Display, Up to 6 Days of Battery…",https://www.amazon.com/Garmin-010-02427-00-Smartwatch-Touchscreen-Display/dp/B08FRQ57JG/ref=zg_bs_7939901011_15?_encoding=UTF8&psc=1&refRID=G703EWWAP8XVEPFFQK0B,https://www.amazon.com/product-reviews/B08FRQ57JG/ref=zg_bs_7939901011_cr_15?ie=UTF8&refRID=G703EWWAP8XVEPFFQK0B,4.5,3384,283,Electronics,B08FRQ57JG,Garmin,2020年September23日,-1,129.99,-1,2021-11-08,bsr,watches,2021-11-08
15,16,"Fitbit Versa 2 Health and Fitness Smartwatch with Heart Rate, Music, Alexa Built-In, Sleep…",https://www.amazon.com/Fitbit-Fitness-Smartwatch-Tracking-Included/dp/B07TWFVDWT/ref=zg_bs_7939901011_16?_encoding=UTF8&psc=1&refRID=G703EWWAP8XVEPFFQK0B,https://www.amazon.com/product-reviews/B07TWFVDWT/ref=zg_bs_7939901011_cr_16?ie=UTF8&refRID=G703EWWAP8XVEPFFQK0B,4.6,116315,321,Electronics,B07TWFVDWT,Fitbit,2019年August28日,-1,119.00,-1,2021-11-08,bsr,watches,2021-11-08
16,17,"Apple Watch Series 3 (GPS, 42MM) - Space Gray Aluminum Case with Black Sport Band…",https://www.amazon.com/Apple-Watch-Space-Aluminum-Black/dp/B0799SJ1XX/ref=zg_bs_7939901011_17?_encoding=UTF8&psc=1&refRID=G703EWWAP8XVEPFFQK0B,https://www.amazon.com/product-reviews/B0799SJ1XX/ref=zg_bs_7939901011_cr_17?ie=UTF8&refRID=G703EWWAP8XVEPFFQK0B,4.4,9662,329,Electronics,B0799SJ1XX,Amazon Renewed,2018年January30日,-1,193.99,-1,2021-11-08,bsr,watches,2021-11-08
17,18,"Smart Watch for Women, AGPTEK Smartwatch for Android and iOS Phones IP68 Waterproof…",https://www.amazon.com/AGPTEK-Waterproof-Smartwatch-Activity-Pedometer/dp/B08HMRY8NG/ref=zg_bs_7939901011_18?_encoding=UTF8&psc=1&refRID=G703EWWAP8XVEPFFQK0B,https://www.amazon.com/product-reviews/B08HMRY8NG/ref=zg_bs_7939901011_cr_18?ie=UTF8&refRID=G703EWWAP8XVEPFFQK0B,4.2,17544,348,Electronics,B08HMRY8NG,AGPTEK,2020年September8日,-1,45.99,-1,2021-11-08,bsr,watches,2021-11-08
18,19,"Smart Watch, Popglory Smartwatch with Blood Pressure, Blood Oxygen Monitor, Fitness…",https://www.amazon.com/Popglory-Smartwatch-Pressure-Monitor-Fitness/dp/B08DXKC653/ref=zg_bs_7939901011_19?_encoding=UTF8&psc=1&refRID=G703EWWAP8XVEPFFQK0B,https://www.amazon.com/product-reviews/B08DXKC653/ref=zg_bs_7939901011_cr_19?ie=UTF8&refRID=G703EWWAP8XVEPFFQK0B,4.0,8938,351,Electronics,B08DXKC653,Popglory,2020年July30日,-1,29.99,-1,2021-11-08,bsr,watches,2021-11-08
19,20,"Donerton Smart Watch, Fitness Tracker for Android Phones, Fitness Tracker with Heart…",https://www.amazon.com/Donerton-Activity-Waterproof-Pedometer-Smartwatch/dp/B08DTNHDYJ/ref=zg_bs_7939901011_20?_encoding=UTF8&psc=1&refRID=G703EWWAP8XVEPFFQK0B,https://www.amazon.com/product-reviews/B08DTNHDYJ/ref=zg_bs_7939901011_cr_20?ie=UTF8&refRID=G703EWWAP8XVEPFFQK0B,4.0,8806,368,Electronics,B08DTNHDYJ,Donerton,2020年July29日,-1,37.99,-1,2021-11-08,bsr,watches,2021-11-08
20,21,"Apple Watch SE (GPS, 40mm) - Silver Aluminum Case with Abyss Blue Sport Band",https://www.amazon.com/Apple-Watch-SE-GPS-40mm/dp/B09G93BDQP/ref=zg_bs_7939901011_21?_encoding=UTF8&psc=1&refRID=G703EWWAP8XVEPFFQK0B,https://www.amazon.com/product-reviews/B09G93BDQP/ref=zg_bs_7939901011_cr_21?ie=UTF8&refRID=G703EWWAP8XVEPFFQK0B,4.8,22999,-1,Electronics,B09G93BDQP,Apple,?2021年September14日,-1,269.99,-1,2021-11-08,bsr,watches,2021-11-08
21,22,"Amazfit Bip U Pro Smart Watch with Alexa Built-in for Men Women, GPS Fitness Tracker…",https://www.amazon.com/Amazfit-Battery-Fitness-Tracker-Resistant/dp/B08JRZS7K3/ref=zg_bs_7939901011_22?_encoding=UTF8&psc=1&refRID=G703EWWAP8XVEPFFQK0B,https://www.amazon.com/product-reviews/B08JRZS7K3/ref=zg_bs_7939901011_cr_22?ie=UTF8&refRID=G703EWWAP8XVEPFFQK0B,4.2,4645,407,Electronics,B08JRZS7K3,Amazfit,2020年October30日,-1,69.99,-1,2021-11-08,bsr,watches,2021-11-08
22,23,"Apple Watch SE (GPS, 44mm) - Space Grey Aluminium Case with Midnight Sport Band…",https://www.amazon.com/Apple-Watch-GPS-44mm-Aluminium/dp/B09G9FZPN5/ref=zg_bs_7939901011_23?_encoding=UTF8&psc=1&refRID=G703EWWAP8XVEPFFQK0B,https://www.amazon.com/product-reviews/B09G9FZPN5/ref=zg_bs_7939901011_cr_23?ie=UTF8&refRID=G703EWWAP8XVEPFFQK0B,4.8,22999,-1,Electronics,B09G9FZPN5,Apple,?2021年September14日,-1,309.00,-1,2021-11-08,bsr,watches,2021-11-08
23,24,Samsung Electronics Galaxy Watch 4 40mm Smartwatch with ECG Monitor Tracker for…,https://www.amazon.com/Samsung-Electronics-Smartwatch-Detection-Bluetooth/dp/B096BKNBKR/ref=zg_bs_7939901011_24?_encoding=UTF8&psc=1&refRID=G703EWWAP8XVEPFFQK0B,https://www.amazon.com/product-reviews/B096BKNBKR/ref=zg_bs_7939901011_cr_24?ie=UTF8&refRID=G703EWWAP8XVEPFFQK0B,4.5,956,467,Electronics,B096BKNBKR,Samsung Electronics,2021年August11日,-1,199.99,-1,2021-11-08,bsr,watches,2021-11-08
24,25,"Apple Watch Series?7 GPS, 45mm Green Aluminum Case with Clover Sport Band…",https://www.amazon.com/Apple-Watch-Green-Aluminum-Clover/dp/B09HDXJRB4/ref=zg_bs_7939901011_25?_encoding=UTF8&psc=1&refRID=G703EWWAP8XVEPFFQK0B,https://www.amazon.com/product-reviews/B09HDXJRB4/ref=zg_bs_7939901011_cr_25?ie=UTF8&refRID=G703EWWAP8XVEPFFQK0B,4.5,86,-1,Electronics,B09HDXJRB4,Apple,?2021年September28日,-1,429.00,-1,2021-11-08,bsr,watches,2021-11-08
25,26,"Apple Watch Series 7 GPS + Cellular, 41mm Midnight Aluminum Case with Midnight…",https://www.amazon.com/Apple-Watch-Cellular-Midnight-Aluminum/dp/B09HDTHSDN/ref=zg_bs_7939901011_26?_encoding=UTF8&psc=1&refRID=G703EWWAP8XVEPFFQK0B,https://www.amazon.com/product-reviews/B09HDTHSDN/ref=zg_bs_7939901011_cr_26?ie=UTF8&refRID=G703EWWAP8XVEPFFQK0B,4.5,86,-1,Electronics,B09HDTHSDN,Apple,?2021年September28日,-1,499.00,-1,2021-11-08,bsr,watches,2021-11-08
26,27,"Fitbit Versa 2 Health and Fitness Smartwatch with Heart Rate, Music, Alexa Built-In, Sleep…",https://www.amazon.com/Fitbit-Fitness-Smartwatch-Tracking-Included/dp/B07TVC2KLW/ref=zg_bs_7939901011_27?_encoding=UTF8&psc=1&refRID=G703EWWAP8XVEPFFQK0B,https://www.amazon.com/product-reviews/B07TVC2KLW/ref=zg_bs_7939901011_cr_27?ie=UTF8&refRID=G703EWWAP8XVEPFFQK0B,4.6,116315,516,Electronics,B07TVC2KLW,Fitbit,2019年August28日,-1,119.00,-1,2021-11-08,bsr,watches,2021-11-08
27,28,"(Refurbished) Apple Watch Series 3 (GPS, 38MM) - Space Gray Aluminum Case with…",https://www.amazon.com/Apple-Watch-Space-Aluminum-Black/dp/B0799R5M8P/ref=zg_bs_7939901011_28?_encoding=UTF8&psc=1&refRID=G703EWWAP8XVEPFFQK0B,https://www.amazon.com/product-reviews/B0799R5M8P/ref=zg_bs_7939901011_cr_28?ie=UTF8&refRID=G703EWWAP8XVEPFFQK0B,4.4,9662,517,Electronics,B0799R5M8P,Amazon Renewed,2018年January30日,-1,175.49,-1,2021-11-08,bsr,watches,2021-11-08
28,29,"Donerton Smart Watch, Fitness Tracker for Women, 1.4"" TFT LCD Screen Smartwatch…",https://www.amazon.com/Donerton-Smartwatch-Waterproof-Activity-Pedometer/dp/B08DTF6YYD/ref=zg_bs_7939901011_29?_encoding=UTF8&psc=1&refRID=G703EWWAP8XVEPFFQK0B,https://www.amazon.com/product-reviews/B08DTF6YYD/ref=zg_bs_7939901011_cr_29?ie=UTF8&refRID=G703EWWAP8XVEPFFQK0B,4.0,8806,527,Electronics,B08DTF6YYD,Donerton,2020年July29日,-1,39.99,-1,2021-11-08,bsr,watches,2021-11-08
29,30,"Fossil Gen 5 Carlyle Stainless Steel Touchscreen Smartwatch with Speaker, Heart Rate, GPS,…",https://www.amazon.com/Fossil-Stainless-Silicone-Touchscreen-Smartwatch/dp/B07SRW3MCM/ref=zg_bs_7939901011_30?_encoding=UTF8&psc=1&refRID=G703EWWAP8XVEPFFQK0B,https://www.amazon.com/product-reviews/B07VWL5V1T/ref=zg_bs_7939901011_cr_30?ie=UTF8&refRID=G703EWWAP8XVEPFFQK0B,4.3,10943,567,Electronics,B07SRW3MCM,Fossil,2019-07-31,-1,179.00,-1,2021-11-08,bsr,watches,2021-11-08
30,31,"Fossil Women's Gen 5E 42mm Stainless Steel Touchscreen Smartwatch with Speaker, Heart…",https://www.amazon.com/Fossil-Womens-Stainless-Silicone-Touchscreen/dp/B08FWWKGBZ/ref=zg_bs_7939901011_31?_encoding=UTF8&psc=1&refRID=G703EWWAP8XVEPFFQK0B,https://www.amazon.com/product-reviews/B08KFYB2H8/ref=zg_bs_7939901011_cr_31?ie=UTF8&refRID=G703EWWAP8XVEPFFQK0B,4.4,2954,639,Electronics,B08FWWKGBZ,Fossil,2020-09-29,-1,159.00,-1,2021-11-08,bsr,watches,2021-11-08
31,32,"SAMSUNG Galaxy Watch Active 2 (40mm, GPS, Bluetooth) Smart Watch with Advanced…",https://www.amazon.com/SAMSUNG-Bluetooth-Advanced-Monitoring-Tracking/dp/B07VNBC9Z9/ref=zg_bs_7939901011_32?_encoding=UTF8&psc=1&refRID=G703EWWAP8XVEPFFQK0B,https://www.amazon.com/product-reviews/B07VNBC9Z9/ref=zg_bs_7939901011_cr_32?ie=UTF8&refRID=G703EWWAP8XVEPFFQK0B,4.7,45684,664,Electronics,B07VNBC9Z9,Samsung Electronics,2019年September6日,-1,199.99,-1,2021-11-08,bsr,watches,2021-11-08
32,33,Kids Smart Watch for Boys Girls - Kids Smartwatch with Call 7 Games Music Player…,https://www.amazon.com/Kids-Smart-Watch-Boys-Girls/dp/B087BYHWQW/ref=zg_bs_7939901011_33?_encoding=UTF8&psc=1&refRID=G703EWWAP8XVEPFFQK0B,https://www.amazon.com/product-reviews/B087BYHWQW/ref=zg_bs_7939901011_cr_33?ie=UTF8&refRID=G703EWWAP8XVEPFFQK0B,3.9,1518,670,Electronics,B087BYHWQW,INIUPO,2020年April20日,-1,35.99,-1,2021-11-08,bsr,watches,2021-11-08
33,34,"Apple Watch Series?7 GPS, 41mm Green Aluminum Case with Clover Sport Band…",https://www.amazon.com/Apple-Watch-Green-Aluminum-Clover/dp/B09HF1DC1J/ref=zg_bs_7939901011_34?_encoding=UTF8&psc=1&refRID=G703EWWAP8XVEPFFQK0B,https://www.amazon.com/product-reviews/B09HF1DC1J/ref=zg_bs_7939901011_cr_34?ie=UTF8&refRID=G703EWWAP8XVEPFFQK0B,4.5,86,-1,Electronics,B09HF1DC1J,Apple,?2021年September28日,-1,389.99,-1,2021-11-08,bsr,watches,2021-11-08
34,35,"Amazfit GTS 2 Mini Smart Watch GPS Fitness Tracker for Men Women, Alexa Built-in, 14…",https://www.amazon.com/Amazfit-Fitness-Super-Light-Measurement-Monitoring/dp/B08PCYKXV5/ref=zg_bs_7939901011_35?_encoding=UTF8&psc=1&refRID=G703EWWAP8XVEPFFQK0B,https://www.amazon.com/product-reviews/B08PCYKXV5/ref=zg_bs_7939901011_cr_35?ie=UTF8&refRID=G703EWWAP8XVEPFFQK0B,4.2,6691,674,Electronics,B08PCYKXV5,Amazfit,2020年1February1日,-1,99.99,-1,2021-11-08,bsr,watches,2021-11-08
35,36,"Garmin Venu Sq, GPS Smartwatch with Bright Touchscreen Display, Up to 6 Days of Battery…",https://www.amazon.com/Garmin-Smartwatch-Touchscreen-Display-Battery/dp/B08FRP4WKT/ref=zg_bs_7939901011_36?_encoding=UTF8&psc=1&refRID=G703EWWAP8XVEPFFQK0B,https://www.amazon.com/product-reviews/B08FRP4WKT/ref=zg_bs_7939901011_cr_36?ie=UTF8&refRID=G703EWWAP8XVEPFFQK0B,4.5,3384,679,Electronics,B08FRP4WKT,Garmin,2020年September23日,-1,129.99,-1,2021-11-08,bsr,watches,2021-11-08
36,37,CanMixs Smart Watch for Android Phones iOS Waterproof Smart Watches for Women Men…,https://www.amazon.com/CanMixs-Android-Waterproof-Watches-Compatible/dp/B08J41PMYF/ref=zg_bs_7939901011_37?_encoding=UTF8&psc=1&refRID=G703EWWAP8XVEPFFQK0B,https://www.amazon.com/product-reviews/B08J41PMYF/ref=zg_bs_7939901011_cr_37?ie=UTF8&refRID=G703EWWAP8XVEPFFQK0B,4.0,6179,688,Electronics,B08J41PMYF,CanMixs,2020年September15日,-1,42.99,-1,2021-11-08,bsr,watches,2021-11-08
37,38,"Fitbit Versa 3 Health & Fitness Smartwatch with GPS, 24/7 Heart Rate, Alexa Built-in, 6+…",https://www.amazon.com/Fitbit-Fitness-Smartwatch-Battery-Included/dp/B08DFPV5Y2/ref=zg_bs_7939901011_38?_encoding=UTF8&psc=1&refRID=G703EWWAP8XVEPFFQK0B,https://www.amazon.com/product-reviews/B08DFPV5Y2/ref=zg_bs_7939901011_cr_38?ie=UTF8&refRID=G703EWWAP8XVEPFFQK0B,4.5,23626,677,Electronics,B08DFPV5Y2,Fitbit,2020年August25日,-1,224.00,-1,2021-11-08,bsr,watches,2021-11-08
38,39,"Apple Watch Series 7 GPS + Cellular, 41mm Starlight Aluminum Case with Starlight Sport…",https://www.amazon.com/Apple-Watch-Cellular-Starlight-Aluminum/dp/B09HDZ5MKC/ref=zg_bs_7939901011_39?_encoding=UTF8&psc=1&refRID=G703EWWAP8XVEPFFQK0B,https://www.amazon.com/product-reviews/B09HDZ5MKC/ref=zg_bs_7939901011_cr_39?ie=UTF8&refRID=G703EWWAP8XVEPFFQK0B,4.5,86,-1,Electronics,B09HDZ5MKC,Apple,?2021年September28日,-1,499.00,-1,2021-11-08,bsr,watches,2021-11-08
39,40,"Smart Watches for Women, 2021 HD LCD Smart Watch for Android Phones and iPhone…",https://www.amazon.com/Watches-Android-Compatible-Waterproof-Smartwatch/dp/B09G62P2LG/ref=zg_bs_7939901011_40?_encoding=UTF8&psc=1&refRID=G703EWWAP8XVEPFFQK0B,https://www.amazon.com/product-reviews/B09G62P2LG/ref=zg_bs_7939901011_cr_40?ie=UTF8&refRID=G703EWWAP8XVEPFFQK0B,4.8,286,725,Electronics,B09G62P2LG,Lovtutu,2021年September14日,-1,49.99,-1,2021-11-08,bsr,watches,2021-11-08
40,41,"(Refurbished) Apple Watch Series 3 (GPS, 38MM) - Silver Aluminum Case with White…",https://www.amazon.com/Apple-Smartwatch-Silver-Aluminum-Renewed/dp/B07KT9KCSH/ref=zg_bs_7939901011_41?_encoding=UTF8&psc=1&refRID=G703EWWAP8XVEPFFQK0B,https://www.amazon.com/product-reviews/B07KT9KCSH/ref=zg_bs_7939901011_cr_41?ie=UTF8&refRID=G703EWWAP8XVEPFFQK0B,4.4,9662,739,Electronics,B07KT9KCSH,Amazon Renewed,2018年1January23日,-1,174.50,-1,2021-11-08,bsr,watches,2021-11-08
41,42,Samsung Electronics Galaxy Watch 4 44mm Smartwatch with ECG Monitor Tracker for…,https://www.amazon.com/Samsung-Electronics-Galaxy-Watch-Smartwatch/dp/B096BHLJ7V/ref=zg_bs_7939901011_42?_encoding=UTF8&psc=1&refRID=G703EWWAP8XVEPFFQK0B,https://www.amazon.com/product-reviews/B096BHLJ7V/ref=zg_bs_7939901011_cr_42?ie=UTF8&refRID=G703EWWAP8XVEPFFQK0B,4.5,956,823,Electronics,B096BHLJ7V,Samsung Electronics,2021年August11日,-1,229.99,-1,2021-11-08,bsr,watches,2021-11-08
42,43,Samsung Electronics Galaxy Watch 4 Classic 46mm Smartwatch with ECG Monitor Tracker…,https://www.amazon.com/Samsung-Electronics-Smartwatch-Detection-Bluetooth/dp/B096BKFG57/ref=zg_bs_7939901011_43?_encoding=UTF8&psc=1&refRID=G703EWWAP8XVEPFFQK0B,https://www.amazon.com/product-reviews/B096BKFG57/ref=zg_bs_7939901011_cr_43?ie=UTF8&refRID=G703EWWAP8XVEPFFQK0B,4.1,360,859,Electronics,B096BKFG57,Samsung Electronics,2021年August11日,-1,349.00,-1,2021-11-08,bsr,watches,2021-11-08
43,44,Disney Minnie Mouse Touchscreen Interactive Smart Watch (Model: MN4116AZ),https://www.amazon.com/Disney-Smart-Watch-Model-MN4116AZ/dp/B07YT812BW/ref=zg_bs_7939901011_44?_encoding=UTF8&psc=1&refRID=G703EWWAP8XVEPFFQK0B,https://www.amazon.com/product-reviews/B07YT812BW/ref=zg_bs_7939901011_cr_44?ie=UTF8&refRID=G703EWWAP8XVEPFFQK0B,4.5,594,876,Electronics,B07YT812BW,Disney,2019年October7日,-1,34.99,-1,2021-11-08,bsr,watches,2021-11-08
44,45,"Apple Watch Series 5 (GPS, 40MM) - Gold Aluminum Case with Pink Sand Sport Band…",https://www.amazon.com/Apple-Watch-GPS-40MM-Aluminum/dp/B083M6YZKT/ref=zg_bs_7939901011_45?_encoding=UTF8&psc=1&refRID=G703EWWAP8XVEPFFQK0B,https://www.amazon.com/product-reviews/B083M6YZKT/ref=zg_bs_7939901011_cr_45?ie=UTF8&refRID=G703EWWAP8XVEPFFQK0B,4.6,4428,904,Electronics,B083M6YZKT,Amazon Renewed,2020年January8日,-1,274.97,-1,2021-11-08,bsr,watches,2021-11-08
45,46,"Rinsmola 2021 Smart Watch for Android/iOS Phones, 1.4"" Full Touch Screen Fitness…",https://www.amazon.com/Rinsmola-Android-Smartwatch-Waterproof-Compatible/dp/B08V141T3D/ref=zg_bs_7939901011_46?_encoding=UTF8&psc=1&refRID=G703EWWAP8XVEPFFQK0B,https://www.amazon.com/product-reviews/B08V141T3D/ref=zg_bs_7939901011_cr_46?ie=UTF8&refRID=G703EWWAP8XVEPFFQK0B,4.0,3077,946,Electronics,B08V141T3D,Rinsmola,2021年April1日,-1,36.99,-1,2021-11-08,bsr,watches,2021-11-08
46,47,"Smart Watch, Popglory 1.4 inch LCD Full Touch Screen Smartwatch with Blood Pressure,…",https://www.amazon.com/Popglory-Smartwatch-Pressure-Monitor-Fitness/dp/B08HYMGQT9/ref=zg_bs_7939901011_47?_encoding=UTF8&psc=1&refRID=G703EWWAP8XVEPFFQK0B,https://www.amazon.com/product-reviews/B08HYMGQT9/ref=zg_bs_7939901011_cr_47?ie=UTF8&refRID=G703EWWAP8XVEPFFQK0B,4.0,8938,973,Electronics,B08HYMGQT9,Popglory,2020年July30日,-1,29.99,-1,2021-11-08,bsr,watches,2021-11-08
47,48,Marvel Avenger Touchscreen Interactive Smart Watch (Model: AVG4597AZ),https://www.amazon.com/Marvel-Avenger-Touchscreen-Interactive-Smart/dp/B082FP2GWR/ref=zg_bs_7939901011_48?_encoding=UTF8&psc=1&refRID=G703EWWAP8XVEPFFQK0B,https://www.amazon.com/product-reviews/B082FP2GWR/ref=zg_bs_7939901011_cr_48?ie=UTF8&refRID=G703EWWAP8XVEPFFQK0B,4.6,230,1022,Electronics,B082FP2GWR,Marvel,2019年1February6日,-1,34.99,-1,2021-11-08,bsr,watches,2021-11-08
48,49,"Garmin 010-01769-01 Vivoactive 3, GPS Smartwatch with Contactless Payments and…",https://www.amazon.com/Garmin-v%C3%ADvoactive-Smartwatch-Contactless-Payments/dp/B074KBWL9J/ref=zg_bs_7939901011_49?_encoding=UTF8&psc=1&refRID=G703EWWAP8XVEPFFQK0B,https://www.amazon.com/product-reviews/B074KBWL9J/ref=zg_bs_7939901011_cr_49?ie=UTF8&refRID=G703EWWAP8XVEPFFQK0B,4.5,10167,969,Electronics,B074KBWL9J,Garmin,2017年August31日,-1,129.99,-1,2021-11-08,bsr,watches,2021-11-08
49,50,"Smart Watch, Popglory Smartwatch with Blood Pressure, Blood Oxygen Monitor, Fitness…",https://www.amazon.com/Popglory-Smartwatch-Pressure-Monitor-Fitness/dp/B08L7Q8L25/ref=zg_bs_7939901011_50?_encoding=UTF8&psc=1&refRID=G703EWWAP8XVEPFFQK0B,https://www.amazon.com/product-reviews/B08L7Q8L25/ref=zg_bs_7939901011_cr_50?ie=UTF8&refRID=G703EWWAP8XVEPFFQK0B,4.0,8938,1048,Electronics,B08L7Q8L25,Popglory,2020年1January18日,-1,29.99,-1,2021-11-08,bsr,watches,2021-11-08
50,51,"Smart Watch, KALINCO Fitness Tracker with Heart Rate Monitor, Blood Pressure, Blood…",https://www.amazon.com/KALINCO-Pressure-Tracking-Smartwatch-Compatible/dp/B08XLT5KQ6/ref=zg_bs_7939901011_51?_encoding=UTF8&psc=1&refRID=5B4HY0SKVPYPQZ02PBZZ,https://www.amazon.com/product-reviews/B08XLT5KQ6/ref=zg_bs_7939901011_cr_51?ie=UTF8&refRID=5B4HY0SKVPYPQZ02PBZZ,4.0,4988,1090,Electronics,B08XLT5KQ6,KALINCO,2021年February26日,-1,29.99,-1,2021-11-08,bsr,watches,2021-11-08
51,52,Kids Smart Watch Girls Boys - Smart Watch for Kids Watches Ages 4-12 Years with 17…,https://www.amazon.com/Kids-Smart-Watch-Girls-Boys/dp/B095KDPQXZ/ref=zg_bs_7939901011_52?_encoding=UTF8&psc=1&refRID=5B4HY0SKVPYPQZ02PBZZ,https://www.amazon.com/product-reviews/B095KDPQXZ/ref=zg_bs_7939901011_cr_52?ie=UTF8&refRID=5B4HY0SKVPYPQZ02PBZZ,4.2,104,1082,Electronics,B095KDPQXZ,INIUPO,2021年June29日,-1,37.99,-1,2021-11-08,bsr,watches,2021-11-08
52,53,"Smart Watch, AGPTEK Smartwatch for Men Women IP68 Waterproof Activity Tracker…",https://www.amazon.com/AGPTEK-Waterproof-Smartwatch-Activity-Pedometer/dp/B08HV7LW3Q/ref=zg_bs_7939901011_53?_encoding=UTF8&psc=1&refRID=5B4HY0SKVPYPQZ02PBZZ,https://www.amazon.com/product-reviews/B08HV7LW3Q/ref=zg_bs_7939901011_cr_53?ie=UTF8&refRID=5B4HY0SKVPYPQZ02PBZZ,4.2,17543,1101,Electronics,B08HV7LW3Q,AGPTEK,2020年October21日,-1,45.99,-1,2021-11-08,bsr,watches,2021-11-08
53,54,Kids Smart Watch for Boys Girls - HD Touch Screen Sports Smartwatch Phone with Call…,https://www.amazon.com/Kids-Smart-Watch-Boys-Girls/dp/B07XY6SJBQ/ref=zg_bs_7939901011_54?_encoding=UTF8&psc=1&refRID=5B4HY0SKVPYPQZ02PBZZ,https://www.amazon.com/product-reviews/B07XY6SJBQ/ref=zg_bs_7939901011_cr_54?ie=UTF8&refRID=5B4HY0SKVPYPQZ02PBZZ,3.7,3192,1283,Electronics,B07XY6SJBQ,GOOWJUER,2019年July12日,-1,32.99,-1,2021-11-08,bsr,watches,2021-11-08
54,55,"Apple?Watch Series 6 (GPS, 40mm) - (Product) RED - Aluminum Case with (Product) RED?…",https://www.amazon.com/New-Apple-Watch-GPS-40mm-Aluminum/dp/B08J5RBMRN/ref=zg_bs_7939901011_55?_encoding=UTF8&psc=1&refRID=5B4HY0SKVPYPQZ02PBZZ,https://www.amazon.com/product-reviews/B08J5RBMRN/ref=zg_bs_7939901011_cr_55?ie=UTF8&refRID=5B4HY0SKVPYPQZ02PBZZ,4.8,46733,-1,Electronics,B08J5RBMRN,Apple,?2020年September15日,-1,349.00,-1,2021-11-08,bsr,watches,2021-11-08
55,56,"Fossil Men's Gen 5E 44mm Stainless Steel Touchscreen Smartwatch with Speaker, Heart…",https://www.amazon.com/Fossil-Stainless-Steel-Touchscreen-Smart/dp/B08FWKGKC2/ref=zg_bs_7939901011_56?_encoding=UTF8&psc=1&refRID=5B4HY0SKVPYPQZ02PBZZ,https://www.amazon.com/product-reviews/B08KGWZ1V1/ref=zg_bs_7939901011_cr_56?ie=UTF8&refRID=5B4HY0SKVPYPQZ02PBZZ,4.4,3223,1138,Electronics,B08FWKGKC2,Fossil,2020-09-29,-1,149.40,-1,2021-11-08,bsr,watches,2021-11-08
56,57,Samsung Galaxy Watch 4 44mm Smartwatch with ECG Monitor Tracker for Health Fitness…,https://www.amazon.com/Samsung-Galaxy-Watch-Smartwatch-Detection/dp/B096BLQZZG/ref=zg_bs_7939901011_57?_encoding=UTF8&psc=1&refRID=5B4HY0SKVPYPQZ02PBZZ,https://www.amazon.com/product-reviews/B096BLQZZG/ref=zg_bs_7939901011_cr_57?ie=UTF8&refRID=5B4HY0SKVPYPQZ02PBZZ,4.5,955,1157,Electronics,B096BLQZZG,Samsung Electronics,2021年August11日,-1,229.99,-1,2021-11-08,bsr,watches,2021-11-08
57,58,"WYZE Smart Watch, 1.75""(47mm)Aluminum Smartwatch for Android Phones and iOS…",https://www.amazon.com/WYZE-Aluminum-Smartwatch-Waterproof-Menstrual/dp/B0983VR4TD/ref=zg_bs_7939901011_58?_encoding=UTF8&psc=1&refRID=5B4HY0SKVPYPQZ02PBZZ,https://www.amazon.com/product-reviews/B0983VR4TD/ref=zg_bs_7939901011_cr_58?ie=UTF8&refRID=5B4HY0SKVPYPQZ02PBZZ,4.1,286,1177,Electronics,B0983VR4TD,WYZE,2021年July13日,-1,39.98,-1,2021-11-08,bsr,watches,2021-11-08
58,59,"Fitbit Versa 2 Health and Fitness Smartwatch with Heart Rate, Music, Alexa Built-In, Sleep…",https://www.amazon.com/Fitbit-Fitness-Smartwatch-Tracking-Included/dp/B07TYNMRZG/ref=zg_bs_7939901011_59?_encoding=UTF8&psc=1&refRID=5B4HY0SKVPYPQZ02PBZZ,https://www.amazon.com/product-reviews/B07TYNMRZG/ref=zg_bs_7939901011_cr_59?ie=UTF8&refRID=5B4HY0SKVPYPQZ02PBZZ,4.6,116315,1190,Electronics,B07TYNMRZG,Fitbit,2019年August28日,-1,119.00,-1,2021-11-08,bsr,watches,2021-11-08
59,60,"Apple Watch Series 7 GPS + Cellular, 45mm Blue Aluminum Case with Abyss Blue Sport…",https://www.amazon.com/Apple-Watch-Cellular-Aluminum-Abyss/dp/B09HF825CV/ref=zg_bs_7939901011_60?_encoding=UTF8&psc=1&refRID=5B4HY0SKVPYPQZ02PBZZ,https://www.amazon.com/product-reviews/B09HF825CV/ref=zg_bs_7939901011_cr_60?ie=UTF8&refRID=5B4HY0SKVPYPQZ02PBZZ,4.5,86,-1,Electronics,B09HF825CV,Apple,?2021年September28日,-1,529.00,-1,2021-11-08,bsr,watches,2021-11-08
60,61,Google Play Gift Card,https://www.amazon.com/Google-play-Gift-card-Android/dp/B074TZXF9P/ref=zg_bs_7939901011_61?_encoding=UTF8&psc=1&refRID=5B4HY0SKVPYPQZ02PBZZ,https://www.amazon.com/product-reviews/B074TZXF9P/ref=zg_bs_7939901011_cr_61?ie=UTF8&refRID=5B4HY0SKVPYPQZ02PBZZ,4.5,792,1355,Electronics,B074TZXF9P,Google Play,2014-09-26,-1,50.00,-1,2021-11-08,bsr,watches,2021-11-08
61,62,"Garmin Vivoactive 4, GPS Smartwatch, Features Music, Body Energy Monitoring,…",https://www.amazon.com/Garmin-V%C3%ADvoactive-Smartwatch-Features-Monitoring/dp/B07W7W8WBH/ref=zg_bs_7939901011_62?_encoding=UTF8&psc=1&refRID=5B4HY0SKVPYPQZ02PBZZ,https://www.amazon.com/product-reviews/B07W7W8WBH/ref=zg_bs_7939901011_cr_62?ie=UTF8&refRID=5B4HY0SKVPYPQZ02PBZZ,4.6,8900,1373,Electronics,B07W7W8WBH,Garmin,2019年September5日,-1,253.00,-1,2021-11-08,bsr,watches,2021-11-08
62,63,"Smart Watch, 1.69'' Smartwatch for Android Phones and IOS Phones Compatible with…",https://www.amazon.com/Smartwatch-Android-Compatible-Waterproof-Pedometer/dp/B09H3ZCKDD/ref=zg_bs_7939901011_63?_encoding=UTF8&psc=1&refRID=5B4HY0SKVPYPQZ02PBZZ,https://www.amazon.com/product-reviews/B09H3ZCKDD/ref=zg_bs_7939901011_cr_63?ie=UTF8&refRID=5B4HY0SKVPYPQZ02PBZZ,4.7,72,1420,Electronics,B09H3ZCKDD,Pupuskyer,2021年October1日,-1,35.99,-1,2021-11-08,bsr,watches,2021-11-08
63,64,"Fitbit Versa 3 Health and Fitness Smartwatch, Amazon Exclusive Color, GPS, 24/7 Heart…",https://www.amazon.com/Fitbit-Fitness-Smartwatch-Exclusive-Included/dp/B08W2GKGR4/ref=zg_bs_7939901011_64?_encoding=UTF8&psc=1&refRID=5B4HY0SKVPYPQZ02PBZZ,https://www.amazon.com/product-reviews/B08W2GKGR4/ref=zg_bs_7939901011_cr_64?ie=UTF8&refRID=5B4HY0SKVPYPQZ02PBZZ,4.5,23626,1421,Electronics,B08W2GKGR4,Fitbit,2021年April12日,-1,229.91,-1,2021-11-08,bsr,watches,2021-11-08
64,65,"Fitness Tracker with Heart Rate Monitor, Fitpolo Smart Watch 1.3 inches Color Touch…",https://www.amazon.com/Fitpolo-Waterproof-Monitoring-Pedometer-Activity/dp/B07Y4PT2NH/ref=zg_bs_7939901011_65?_encoding=UTF8&psc=1&refRID=5B4HY0SKVPYPQZ02PBZZ,https://www.amazon.com/product-reviews/B07Y4PT2NH/ref=zg_bs_7939901011_cr_65?ie=UTF8&refRID=5B4HY0SKVPYPQZ02PBZZ,4.2,4080,1424,Electronics,B07Y4PT2NH,Fitpolo,2019年September20日,-1,39.99,-1,2021-11-08,bsr,watches,2021-11-08
65,66,Samsung Electronics Galaxy Watch 4 44mm Smartwatch with ECG Monitor Tracker for…,https://www.amazon.com/Samsung-Electronics-Smartwatch-Detection-Bluetooth/dp/B096BFW6F2/ref=zg_bs_7939901011_66?_encoding=UTF8&psc=1&refRID=5B4HY0SKVPYPQZ02PBZZ,https://www.amazon.com/product-reviews/B096BFW6F2/ref=zg_bs_7939901011_cr_66?ie=UTF8&refRID=5B4HY0SKVPYPQZ02PBZZ,4.5,955,1308,Electronics,B096BFW6F2,Samsung Electronics,2021年August11日,-1,229.99,-1,2021-11-08,bsr,watches,2021-11-08
66,67,"Garmin Venu Sq, GPS Smartwatch with Bright Touchscreen Display, Up to 6 Days of Battery…",https://www.amazon.com/Garmin-Smartwatch-Touchscreen-Display-010-02427-01/dp/B08FRPT1KK/ref=zg_bs_7939901011_67?_encoding=UTF8&psc=1&refRID=5B4HY0SKVPYPQZ02PBZZ,https://www.amazon.com/product-reviews/B08FRPT1KK/ref=zg_bs_7939901011_cr_67?ie=UTF8&refRID=5B4HY0SKVPYPQZ02PBZZ,4.5,3384,1453,Electronics,B08FRPT1KK,Garmin,2020年September23日,-1,129.99,-1,2021-11-08,bsr,watches,2021-11-08
67,68,"Smart Watch, FirYawee Smartwatch for Android Phones and iOS Phones,Fitness…",https://www.amazon.com/FirYawee-Smartwatch-Android-Waterproof-Distance/dp/B08F55FV2J/ref=zg_bs_7939901011_68?_encoding=UTF8&psc=1&refRID=5B4HY0SKVPYPQZ02PBZZ,https://www.amazon.com/product-reviews/B08F55FV2J/ref=zg_bs_7939901011_cr_68?ie=UTF8&refRID=5B4HY0SKVPYPQZ02PBZZ,4.1,3075,1468,Electronics,B08F55FV2J,FirYawee,2020年August3日,-1,33.99,-1,2021-11-08,bsr,watches,2021-11-08
68,69,"Smart Watch, Popglory Smartwatch with Blood Pressure, Blood Oxygen Monitor, Fitness…",https://www.amazon.com/Popglory-Smartwatch-Pressure-Monitor-Fitness/dp/B08DXS7VCK/ref=zg_bs_7939901011_69?_encoding=UTF8&psc=1&refRID=5B4HY0SKVPYPQZ02PBZZ,https://www.amazon.com/product-reviews/B08DXS7VCK/ref=zg_bs_7939901011_cr_69?ie=UTF8&refRID=5B4HY0SKVPYPQZ02PBZZ,4.0,8938,1470,Electronics,B08DXS7VCK,Popglory,2020年July30日,-1,25.49,-1,2021-11-08,bsr,watches,2021-11-08
69,70,"Apple Watch Series?7 GPS, 45mm (Product) RED Aluminum Case with (Product) RED…",https://www.amazon.com/Apple-Watch-Product-Aluminum-Sport/dp/B09HFGSRJ7/ref=zg_bs_7939901011_70?_encoding=UTF8&psc=1&refRID=5B4HY0SKVPYPQZ02PBZZ,https://www.amazon.com/product-reviews/B09HFGSRJ7/ref=zg_bs_7939901011_cr_70?ie=UTF8&refRID=5B4HY0SKVPYPQZ02PBZZ,4.5,86,-1,Electronics,B09HFGSRJ7,Apple,?September 28 2021,-1,429.00,-1,2021-11-08,bsr,watches,2021-11-08
70,71,PROGRACE Kids Smartwatch with 90°Rotatable Camera Touchscreen Kids Watch Music…,https://www.amazon.com/90%C2%B0Rotatable-Digital-Smartwatch-Electronic-Learning/dp/B07J4RP31Z/ref=zg_bs_7939901011_71?_encoding=UTF8&psc=1&refRID=5B4HY0SKVPYPQZ02PBZZ,https://www.amazon.com/product-reviews/B07J4RP31Z/ref=zg_bs_7939901011_cr_71?ie=UTF8&refRID=5B4HY0SKVPYPQZ02PBZZ,4.1,5229,1487,Electronics,B07J4RP31Z,PROGRACE,-1,-1,37.29,-1,2021-11-08,bsr,watches,2021-11-08
71,72,"Rinsmola 2021 Smart Watch for Android/iOS Phones,1.4'' Full Touch Screen Fitness Tracker…",https://www.amazon.com/Rinsmola-Android-Smartwatch-Waterproof-Compatible/dp/B08TZQSLNS/ref=zg_bs_7939901011_72?_encoding=UTF8&psc=1&refRID=5B4HY0SKVPYPQZ02PBZZ,https://www.amazon.com/product-reviews/B08TZQSLNS/ref=zg_bs_7939901011_cr_72?ie=UTF8&refRID=5B4HY0SKVPYPQZ02PBZZ,4.0,3077,1509,Electronics,B08TZQSLNS,Rinsmola,2021-04-01,-1,36.99,-1,2021-11-08,bsr,watches,2021-11-08
72,73,"Smart Watch for Kids, Aluminum Case with Black Sport Band 16 Games, Pedometer…",https://www.amazon.com/Aluminum-Pedometer-Recorder-Flashlight-Smartwatch/dp/B099ZF96JS/ref=zg_bs_7939901011_73?_encoding=UTF8&psc=1&refRID=5B4HY0SKVPYPQZ02PBZZ,https://www.amazon.com/product-reviews/B099ZBLWXK/ref=zg_bs_7939901011_cr_73?ie=UTF8&refRID=5B4HY0SKVPYPQZ02PBZZ,4.3,67,1517,Electronics,B099ZF96JS,Ralehong,2021-09-25,-1,37.99,-1,2021-11-08,bsr,watches,2021-11-08
73,74,"Apple Watch Series?7 GPS, 41mm (Product) RED Aluminum Case with (Product) RED…",https://www.amazon.com/Apple-Watch-Product-Aluminum-Sport/dp/B09HDYWTPV/ref=zg_bs_7939901011_74?_encoding=UTF8&psc=1&refRID=5B4HY0SKVPYPQZ02PBZZ,https://www.amazon.com/product-reviews/B09HDYWTPV/ref=zg_bs_7939901011_cr_74?ie=UTF8&refRID=5B4HY0SKVPYPQZ02PBZZ,4.5,86,-1,Electronics,B09HDYWTPV,Apple,?September 28 2021,-1,399.00,-1,2021-11-08,bsr,watches,2021-11-08
74,75,SoundPEATS Smart Watch Fitness Tracker with All Day Heart Rate Monitor Sleep Quality…,https://www.amazon.com/SoundPEATS-Fitness-Tracker-Waterproof-Reminder/dp/B08CHG524M/ref=zg_bs_7939901011_75?_encoding=UTF8&psc=1&refRID=5B4HY0SKVPYPQZ02PBZZ,https://www.amazon.com/product-reviews/B08CHG524M/ref=zg_bs_7939901011_cr_75?ie=UTF8&refRID=5B4HY0SKVPYPQZ02PBZZ,4.1,4662,1557,Electronics,B08CHG524M,SoundPEATS,2020-07-07,-1,30.58,-1,2021-11-08,bsr,watches,2021-11-08
75,76,"Smart Watches for Men Women, Activing Fitness Tracker with Heart Rate Blood…",https://www.amazon.com/Watches-Activing-Fitness-Monitoring-Waterproof/dp/B08R6V6NH9/ref=zg_bs_7939901011_76?_encoding=UTF8&psc=1&refRID=5B4HY0SKVPYPQZ02PBZZ,https://www.amazon.com/product-reviews/B08R6V6NH9/ref=zg_bs_7939901011_cr_76?ie=UTF8&refRID=5B4HY0SKVPYPQZ02PBZZ,3.8,1120,1589,Electronics,B08R6V6NH9,Mingdaln,2020-12-22,-1,59.99,-1,2021-11-08,bsr,watches,2021-11-08
76,77,"Smart Watch, AOKESI 2021 Smart Watch for Android Phones and iPhone Compatible with…",https://www.amazon.com/Android-Compatible-Waterproof-Fitness-Smartwatch/dp/B0991ZHK6P/ref=zg_bs_7939901011_77?_encoding=UTF8&psc=1&refRID=5B4HY0SKVPYPQZ02PBZZ,https://www.amazon.com/product-reviews/B0991ZHK6P/ref=zg_bs_7939901011_cr_77?ie=UTF8&refRID=5B4HY0SKVPYPQZ02PBZZ,4.5,619,1611,Electronics,B0991ZHK6P,AOKESIFIT,2021-07-09,-1,49.99,-1,2021-11-08,bsr,watches,2021-11-08
77,78,"(Renewed) Apple Watch Series 5 (GPS + Cellular, 44MM) - Space Gray Aluminum Case…",https://www.amazon.com/Apple-Watch-GPS-Cellular-44MM/dp/B082VKRK29/ref=zg_bs_7939901011_78?_encoding=UTF8&psc=1&refRID=5B4HY0SKVPYPQZ02PBZZ,https://www.amazon.com/product-reviews/B082VKRK29/ref=zg_bs_7939901011_cr_78?ie=UTF8&refRID=5B4HY0SKVPYPQZ02PBZZ,4.5,2101,1621,Electronics,B082VKRK29,Amazon Renewed,2019-12-17,-1,303.99,-1,2021-11-08,bsr,watches,2021-11-08
78,79,"Donerton Smart Watch, Fitness Tracker for Android Phones, Fitness Tracker with Heart…",https://www.amazon.com/Donerton-Activity-Waterproof-Pedometer-Smartwatch/dp/B09D9D6FF7/ref=zg_bs_7939901011_79?_encoding=UTF8&psc=1&refRID=5B4HY0SKVPYPQZ02PBZZ,https://www.amazon.com/product-reviews/B09D9D6FF7/ref=zg_bs_7939901011_cr_79?ie=UTF8&refRID=5B4HY0SKVPYPQZ02PBZZ,4.0,8806,1626,Electronics,B09D9D6FF7,Donerton,2021-08-21,-1,39.99,-1,2021-11-08,bsr,watches,2021-11-08
79,80,"Amazfit Bip S Lite Smart Watch Fitness Tracker for Android iPhones, 30 Days Battery Life,14…",https://www.amazon.com/Amazfit-Smartwatch-Fitness-Waterproof-Charcoal/dp/B08C2HJCNL/ref=zg_bs_7939901011_80?_encoding=UTF8&psc=1&refRID=5B4HY0SKVPYPQZ02PBZZ,https://www.amazon.com/product-reviews/B08C2HJCNL/ref=zg_bs_7939901011_cr_80?ie=UTF8&refRID=5B4HY0SKVPYPQZ02PBZZ,3.9,2162,1630,Electronics,B08C2HJCNL,Amazfit,2021-04-27,-1,48.92,-1,2021-11-08,bsr,watches,2021-11-08
80,81,"Amazfit Bip U Smart Watch Fitness Tracker for Men Women with 60+ Sports Modes, 9-Day…",https://www.amazon.com/Amazfit-Smartwatch-Measurement-Breathing-Monitoring/dp/B08JS2SKNL/ref=zg_bs_7939901011_81?_encoding=UTF8&psc=1&refRID=5B4HY0SKVPYPQZ02PBZZ,https://www.amazon.com/product-reviews/B08JS2SKNL/ref=zg_bs_7939901011_cr_81?ie=UTF8&refRID=5B4HY0SKVPYPQZ02PBZZ,4.2,2151,1632,Electronics,B08JS2SKNL,Amazfit,2020-10-30,-1,59.99,-1,2021-11-08,bsr,watches,2021-11-08
81,82,"Smart Watch for Women, AGPTEK 1.69""(43mm) Smartwatch for Android and iOS…",https://www.amazon.com/AGPTEK-Smartwatch-Waterproof-Pedometer-LW31/dp/B0923MDZZ8/ref=zg_bs_7939901011_82?_encoding=UTF8&psc=1&refRID=5B4HY0SKVPYPQZ02PBZZ,https://www.amazon.com/product-reviews/B0923MDZZ8/ref=zg_bs_7939901011_cr_82?ie=UTF8&refRID=5B4HY0SKVPYPQZ02PBZZ,3.9,1541,1658,Electronics,B0923MDZZ8,AGPTEK,2021-04-09,-1,47.99,-1,2021-11-08,bsr,watches,2021-11-08
82,83,"Samsung Galaxy Watch (42mm, GPS, Bluetooth) – Midnight Black (US Version)",https://www.amazon.com/Samsung-Galaxy-Midnight-Bluetooth-SM-R810NZKAXAR/dp/B07FTKJCMS/ref=zg_bs_7939901011_83?_encoding=UTF8&psc=1&refRID=5B4HY0SKVPYPQZ02PBZZ,https://www.amazon.com/product-reviews/B08GPLKR27/ref=zg_bs_7939901011_cr_83?ie=UTF8&refRID=5B4HY0SKVPYPQZ02PBZZ,4.6,19888,1676,Electronics,B07FTKJCMS,Samsung Electronics,2018-08-10,-1,195.00,-1,2021-11-08,bsr,watches,2021-11-08
83,84,"Dirrelo Smart Watch for Android Phones and iPhone Compatible, Smart Watches for…",https://www.amazon.com/Dirrelo-Watches-Compatible-Saturation-Waterproof/dp/B08RN89SQ4/ref=zg_bs_7939901011_84?_encoding=UTF8&psc=1&refRID=5B4HY0SKVPYPQZ02PBZZ,https://www.amazon.com/product-reviews/B08RN89SQ4/ref=zg_bs_7939901011_cr_84?ie=UTF8&refRID=5B4HY0SKVPYPQZ02PBZZ,4.1,2035,1701,Electronics,B08RN89SQ4,Dirrelo,2021-01-13,-1,49.99,-1,2021-11-08,bsr,watches,2021-11-08
84,85,"Amazfit Bip S Fitness Smartwatch, 40 Day Battery Life, 10 Sports Modes, Heart Rate,…",https://www.amazon.com/Amazfit-Smartwatch-Battery-Display-Water-Resistant/dp/B082VZZHK4/ref=zg_bs_7939901011_85?_encoding=UTF8&psc=1&refRID=5B4HY0SKVPYPQZ02PBZZ,https://www.amazon.com/product-reviews/B082VZZHK4/ref=zg_bs_7939901011_cr_85?ie=UTF8&refRID=5B4HY0SKVPYPQZ02PBZZ,4.2,4645,1706,Electronics,B082VZZHK4,Amazfit,2019-12-17,-1,69.99,-1,2021-11-08,bsr,watches,2021-11-08
85,86,"Smart Watch, KALINCO Fitness Tracker with Heart Rate Monitor, Blood Pressure, Blood…",https://www.amazon.com/KALINCO-Pressure-Tracking-Smartwatch-Compatible/dp/B08XML9GGY/ref=zg_bs_7939901011_86?_encoding=UTF8&psc=1&refRID=5B4HY0SKVPYPQZ02PBZZ,https://www.amazon.com/product-reviews/B08XML9GGY/ref=zg_bs_7939901011_cr_86?ie=UTF8&refRID=5B4HY0SKVPYPQZ02PBZZ,4.0,4988,1749,Electronics,B08XML9GGY,KALINCO,2021-02-26,-1,29.99,-1,2021-11-08,bsr,watches,2021-11-08
86,87,"Donerton Smart Watch, Fitness Tracker for Android Phones, Fitness Tracker with Heart…",https://www.amazon.com/Donerton-Smart-Watch/dp/B08T75R5C5/ref=zg_bs_7939901011_87?_encoding=UTF8&psc=1&refRID=5B4HY0SKVPYPQZ02PBZZ,https://www.amazon.com/product-reviews/B08T75R5C5/ref=zg_bs_7939901011_cr_87?ie=UTF8&refRID=5B4HY0SKVPYPQZ02PBZZ,4.0,8806,1763,Electronics,B08T75R5C5,Donerton,2021-01-16,-1,39.99,-1,2021-11-08,bsr,watches,2021-11-08
87,88,"Amazfit T-Rex Pro Smart Watch with GPS, Outdoor Fitness Watch for Men, Military…",https://www.amazon.com/Amazfit-Smartwatch-Military-Certified-Waterproof/dp/B08X9WS6VW/ref=zg_bs_7939901011_88?_encoding=UTF8&psc=1&refRID=5B4HY0SKVPYPQZ02PBZZ,https://www.amazon.com/product-reviews/B08X9WS6VW/ref=zg_bs_7939901011_cr_88?ie=UTF8&refRID=5B4HY0SKVPYPQZ02PBZZ,4.3,1261,1788,Electronics,B08X9WS6VW,Amazfit,2021-02-24,-1,139.99,-1,2021-11-08,bsr,watches,2021-11-08
88,89,"Stiive Smart Watch, 1.28 Inch Full Touch Screen Smartwatch for Men Women, Heart Rate &…",https://www.amazon.com/Stiive-Smartwatch-Pedometer-Waterproof-Phones-Pink/dp/B09BCJD4QP/ref=zg_bs_7939901011_89?_encoding=UTF8&psc=1&refRID=5B4HY0SKVPYPQZ02PBZZ,https://www.amazon.com/product-reviews/B09BCJD4QP/ref=zg_bs_7939901011_cr_89?ie=UTF8&refRID=5B4HY0SKVPYPQZ02PBZZ,4.2,148,1812,Electronics,B09BCJD4QP,Stiive,2021-08-12,-1,45.99,-1,2021-11-08,bsr,watches,2021-11-08
89,90,Galaxy Watch 4 40mm Smartwatch with ECG Monitor Tracker for Health Fitness Running…,https://www.amazon.com/Smartwatch-Monitor-Tracker-Fitness-Detection/dp/B096BM96JH/ref=zg_bs_7939901011_90?_encoding=UTF8&psc=1&refRID=5B4HY0SKVPYPQZ02PBZZ,https://www.amazon.com/product-reviews/B096BM96JH/ref=zg_bs_7939901011_cr_90?ie=UTF8&refRID=5B4HY0SKVPYPQZ02PBZZ,4.5,955,1836,Electronics,B096BM96JH,Samsung Electronics,2021-08-11,-1,249.99,-1,2021-11-08,bsr,watches,2021-11-08
90,91,"Smart Watches for Women, AOKESI 2021 Smart Watch for Android Phones and iPhone…",https://www.amazon.com/Watches-Android-Compatible-Waterproof-Smartwatch/dp/B09B1RFMNB/ref=zg_bs_7939901011_91?_encoding=UTF8&psc=1&refRID=5B4HY0SKVPYPQZ02PBZZ,https://www.amazon.com/product-reviews/B09B1RFMNB/ref=zg_bs_7939901011_cr_91?ie=UTF8&refRID=5B4HY0SKVPYPQZ02PBZZ,4.5,619,1846,Electronics,B09B1RFMNB,AOKESIFIT,2021-07-22,-1,49.99,-1,2021-11-08,bsr,watches,2021-11-08
91,92,"Smart Watch, 2021 HD LCD Smart Watch for Android Phones and iPhone Compatible,…",https://www.amazon.com/Android-Compatible-Waterproof-Fitness-Smartwatch/dp/B09G6H8JTP/ref=zg_bs_7939901011_92?_encoding=UTF8&psc=1&refRID=5B4HY0SKVPYPQZ02PBZZ,https://www.amazon.com/product-reviews/B09G6H8JTP/ref=zg_bs_7939901011_cr_92?ie=UTF8&refRID=5B4HY0SKVPYPQZ02PBZZ,4.8,286,1848,Electronics,B09G6H8JTP,Lovtutu,2021-09-14,-1,49.99,-1,2021-11-08,bsr,watches,2021-11-08
92,93,"Smart Watch, KALINCO Fitness Tracker with Heart Rate Monitor, Blood Pressure, Blood…",https://www.amazon.com/KALINCO-Pressure-Tracking-Smartwatch-Compatible/dp/B08XM8X4VQ/ref=zg_bs_7939901011_93?_encoding=UTF8&psc=1&refRID=5B4HY0SKVPYPQZ02PBZZ,https://www.amazon.com/product-reviews/B08XM8X4VQ/ref=zg_bs_7939901011_cr_93?ie=UTF8&refRID=5B4HY0SKVPYPQZ02PBZZ,4.0,4988,1869,Electronics,B08XM8X4VQ,KALINCO,2021-02-26,-1,29.99,-1,2021-11-08,bsr,watches,2021-11-08
93,94,"Tinwoo Smart Watch for Men and Women,46mm Support Wireless…",https://www.amazon.com/Tinwoo-Wireless-Bluetooth-Smartwatch-Compatible/dp/B08BF8DFC7/ref=zg_bs_7939901011_94?_encoding=UTF8&psc=1&refRID=5B4HY0SKVPYPQZ02PBZZ,https://www.amazon.com/product-reviews/B08BF8DFC7/ref=zg_bs_7939901011_cr_94?ie=UTF8&refRID=5B4HY0SKVPYPQZ02PBZZ,4.1,4989,1885,Electronics,B08BF8DFC7,Tinwoo,2020-06-18,-1,46.74,-1,2021-11-08,bsr,watches,2021-11-08
94,95,Kids Smart Watch for Boys Girls - Kids Smartwatch with Call 7 Games Music Player…,https://www.amazon.com/Kids-Smart-Watch-Boys-Girls/dp/B087BYP7HV/ref=zg_bs_7939901011_95?_encoding=UTF8&psc=1&refRID=5B4HY0SKVPYPQZ02PBZZ,https://www.amazon.com/product-reviews/B087BYP7HV/ref=zg_bs_7939901011_cr_95?ie=UTF8&refRID=5B4HY0SKVPYPQZ02PBZZ,3.7,639,1896,Electronics,B087BYP7HV,INIUPO,2020-04-20,-1,35.99,-1,2021-11-08,bsr,watches,2021-11-08
95,96,"Smart Watch 2021(Call Receive/Dial), 1.72 in HD Full Touch Screen Smartwatch Fitness…",https://www.amazon.com/Receive-Smartwatch-Fitness-Tracker-T42-Black/dp/B09DYBHPWV/ref=zg_bs_7939901011_96?_encoding=UTF8&psc=1&refRID=5B4HY0SKVPYPQZ02PBZZ,https://www.amazon.com/product-reviews/B09DYBHPWV/ref=zg_bs_7939901011_cr_96?ie=UTF8&refRID=5B4HY0SKVPYPQZ02PBZZ,4.6,23,1904,Electronics,B09DYBHPWV,ANDFZ,2021-09-13,-1,59.99,-1,2021-11-08,bsr,watches,2021-11-08
96,97,"Smart Watch,1.44"" Touch Screen Smartwatch,Fitness Trackers with Heart Rate Monitor,Waterproof IP65 Activity Trackers…",https://www.amazon.com/Smartwatch-Trackers-Waterproof-Pedometer-Stopwatch/dp/B09HQPXK91/ref=zg_bs_7939901011_97?_encoding=UTF8&psc=1&refRID=5B4HY0SKVPYPQZ02PBZZ,,0,0,1909,Electronics,B09HQPXK91,Sanpanpai,2021-10-04,-1,63.96,-1,2021-11-08,bsr,watches,2021-11-08
97,98,Kids Smart Watch for Boys Girls - HD Touch Screen Sports Smartwatch Phone with Call…,https://www.amazon.com/Kids-Smart-Watch-Boys-Girls/dp/B07S599518/ref=zg_bs_7939901011_98?_encoding=UTF8&psc=1&refRID=5B4HY0SKVPYPQZ02PBZZ,https://www.amazon.com/product-reviews/B07S599518/ref=zg_bs_7939901011_cr_98?ie=UTF8&refRID=5B4HY0SKVPYPQZ02PBZZ,3.6,1328,1910,Electronics,B07S599518,GOOWJUER,2019-06-20,-1,27.19,-1,2021-11-08,bsr,watches,2021-11-08
98,99,"Rinsmola Smart Watch 2021 Watches for Men Women, Fitness Tracker 1.69"" Touch Screen…",https://www.amazon.com/Rinsmola-Smartwatch-Pedometer-Waterproof-Activity/dp/B08TZPB6TD/ref=zg_bs_7939901011_99?_encoding=UTF8&psc=1&refRID=5B4HY0SKVPYPQZ02PBZZ,https://www.amazon.com/product-reviews/B08TZPB6TD/ref=zg_bs_7939901011_cr_99?ie=UTF8&refRID=5B4HY0SKVPYPQZ02PBZZ,4.0,3077,1937,Electronics,B08TZPB6TD,Rinsmola,2021-04-25,-1,49.99,-1,2021-11-08,bsr,watches,2021-11-08
99,100,Samsung Galaxy Watch 4 Classic 46mm Smartwatch with ECG Monitor Tracker for…,https://www.amazon.com/Samsung-Classic-Smartwatch-Detection-Bluetooth/dp/B096BL5C31/ref=zg_bs_7939901011_100?_encoding=UTF8&psc=1&refRID=5B4HY0SKVPYPQZ02PBZZ,https://www.amazon.com/product-reviews/B096BL5C31/ref=zg_bs_7939901011_cr_100?ie=UTF8&refRID=5B4HY0SKVPYPQZ02PBZZ,4.1,360,1947,Electronics,B096BL5C31,Samsung Electronics,2021-08-11,-1,349.99,-1,2021-11-08,bsr,watches,2021-11-08
100,1,"Apple Watch Series?7 GPS, 45mm Midnight Aluminum Case with Midnight Sport Band…",https://www.amazon.com/Apple-Watch-Midnight-Aluminum-Sport/dp/B09HF6XBPF/ref=zg_bsnr_7939901011_1?_encoding=UTF8&psc=1&refRID=RE4198HFBY6HG1E59FF6,https://www.amazon.com/product-reviews/B09HF6XBPF/ref=zg_bsnr_7939901011_cr_1?ie=UTF8&refRID=RE4198HFBY6HG1E59FF6,4.5,86,-1,Electronics,B09HF6XBPF,Apple,?2021年September28日,-1,429.00,-1,2021-11-08,nr,watches,2021-11-08
101,2,"Apple Watch Series?7 GPS, 41mm Starlight Aluminum Case with Starlight Sport Band…",https://www.amazon.com/Apple-Watch-Starlight-Aluminum-Sport/dp/B09HF6H3X3/ref=zg_bsnr_7939901011_2?_encoding=UTF8&psc=1&refRID=RE4198HFBY6HG1E59FF6,https://www.amazon.com/product-reviews/B09HF6H3X3/ref=zg_bsnr_7939901011_cr_2?ie=UTF8&refRID=RE4198HFBY6HG1E59FF6,4.5,86,-1,Electronics,B09HF6H3X3,Apple,?2021年September28日,-1,399.00,-1,2021-11-08,nr,watches,2021-11-08
102,3,"Apple Watch SE (GPS, 40mm) - Space Grey Aluminium Case with Midnight Sport Band…",https://www.amazon.com/Apple-Watch-GPS-40mm-Aluminium/dp/B09G96SSLB/ref=zg_bsnr_7939901011_3?_encoding=UTF8&psc=1&refRID=RE4198HFBY6HG1E59FF6,https://www.amazon.com/product-reviews/B09G96SSLB/ref=zg_bsnr_7939901011_cr_3?ie=UTF8&refRID=RE4198HFBY6HG1E59FF6,4.8,22999,-1,Electronics,B09G96SSLB,Apple,?2021年September14日,-1,279.00,-1,2021-11-08,nr,watches,2021-11-08
103,4,"Apple Watch Series?7 GPS, 41mm Midnight Aluminum Case with Midnight Sport Band…",https://www.amazon.com/Apple-Watch-Midnight-Aluminum-Sport/dp/B09HF7W3N6/ref=zg_bsnr_7939901011_4?_encoding=UTF8&psc=1&refRID=RE4198HFBY6HG1E59FF6,https://www.amazon.com/product-reviews/B09HF7W3N6/ref=zg_bsnr_7939901011_cr_4?ie=UTF8&refRID=RE4198HFBY6HG1E59FF6,4.5,86,-1,Electronics,B09HF7W3N6,Apple,?2021年September28日,-1,399.99,-1,2021-11-08,nr,watches,2021-11-08
104,5,"Fitbit Sense Advanced Smartwatch with Tools for Heart Health, Stress Management & Skin…",https://www.amazon.com/Fitbit-Advanced-Smartwatch-Management-Temperature/dp/B09B7W8K38/ref=zg_bsnr_7939901011_5?_encoding=UTF8&psc=1&refRID=RE4198HFBY6HG1E59FF6,https://www.amazon.com/product-reviews/B09B7W8K38/ref=zg_bsnr_7939901011_cr_5?ie=UTF8&refRID=RE4198HFBY6HG1E59FF6,4.4,21207,190,Electronics,B09B7W8K38,Fitbit,2021年August16日,-1,199.95,-1,2021-11-08,nr,watches,2021-11-08
105,6,"Apple Watch Series 7 GPS + Cellular, 45mm Midnight Aluminum Case with Midnight…",https://www.amazon.com/Apple-Watch-Cellular-Midnight-Aluminum/dp/B09HDSCKDJ/ref=zg_bsnr_7939901011_6?_encoding=UTF8&psc=1&refRID=RE4198HFBY6HG1E59FF6,https://www.amazon.com/product-reviews/B09HDSCKDJ/ref=zg_bsnr_7939901011_cr_6?ie=UTF8&refRID=RE4198HFBY6HG1E59FF6,4.5,86,-1,Electronics,B09HDSCKDJ,Apple,?2021年September28日,-1,519.99,-1,2021-11-08,nr,watches,2021-11-08
106,7,Samsung Electronics Galaxy Watch 4 40mm Smartwatch with ECG Monitor Tracker for…,https://www.amazon.com/Samsung-Electronics-Smartwatch-Detection-Bluetooth/dp/B096BJLZZM/ref=zg_bsnr_7939901011_7?_encoding=UTF8&psc=1&refRID=RE4198HFBY6HG1E59FF6,https://www.amazon.com/product-reviews/B096BJLZZM/ref=zg_bsnr_7939901011_cr_7?ie=UTF8&refRID=RE4198HFBY6HG1E59FF6,4.5,956,272,Electronics,B096BJLZZM,Samsung Electronics,2021年August11日,-1,199.00,-1,2021-11-08,nr,watches,2021-11-08
107,8,"Apple Watch SE (GPS, 40mm) - Silver Aluminum Case with Abyss Blue Sport Band",https://www.amazon.com/Apple-Watch-SE-GPS-40mm/dp/B09G93BDQP/ref=zg_bsnr_7939901011_8?_encoding=UTF8&psc=1&refRID=RE4198HFBY6HG1E59FF6,https://www.amazon.com/product-reviews/B09G93BDQP/ref=zg_bsnr_7939901011_cr_8?ie=UTF8&refRID=RE4198HFBY6HG1E59FF6,4.8,22999,-1,Electronics,B09G93BDQP,Apple,?2021年September14日,-1,269.99,-1,2021-11-08,nr,watches,2021-11-08
108,9,"Apple Watch SE (GPS, 44mm) - Space Grey Aluminium Case with Midnight Sport Band…",https://www.amazon.com/Apple-Watch-GPS-44mm-Aluminium/dp/B09G9FZPN5/ref=zg_bsnr_7939901011_9?_encoding=UTF8&psc=1&refRID=RE4198HFBY6HG1E59FF6,https://www.amazon.com/product-reviews/B09G9FZPN5/ref=zg_bsnr_7939901011_cr_9?ie=UTF8&refRID=RE4198HFBY6HG1E59FF6,4.8,22999,-1,Electronics,B09G9FZPN5,Apple,?2021年September14日,-1,309.00,-1,2021-11-08,nr,watches,2021-11-08
109,10,Samsung Electronics Galaxy Watch 4 40mm Smartwatch with ECG Monitor Tracker for…,https://www.amazon.com/Samsung-Electronics-Smartwatch-Detection-Bluetooth/dp/B096BKNBKR/ref=zg_bsnr_7939901011_10?_encoding=UTF8&psc=1&refRID=RE4198HFBY6HG1E59FF6,https://www.amazon.com/product-reviews/B096BKNBKR/ref=zg_bsnr_7939901011_cr_10?ie=UTF8&refRID=RE4198HFBY6HG1E59FF6,4.5,956,467,Electronics,B096BKNBKR,Samsung Electronics,2021年August11日,-1,199.99,-1,2021-11-08,nr,watches,2021-11-08
110,11,"Apple Watch Series?7 GPS, 45mm Green Aluminum Case with Clover Sport Band…",https://www.amazon.com/Apple-Watch-Green-Aluminum-Clover/dp/B09HDXJRB4/ref=zg_bsnr_7939901011_11?_encoding=UTF8&psc=1&refRID=RE4198HFBY6HG1E59FF6,https://www.amazon.com/product-reviews/B09HDXJRB4/ref=zg_bsnr_7939901011_cr_11?ie=UTF8&refRID=RE4198HFBY6HG1E59FF6,4.5,86,-1,Electronics,B09HDXJRB4,Apple,?2021年September28日,-1,429.00,-1,2021-11-08,nr,watches,2021-11-08
111,12,"Apple Watch Series 7 GPS + Cellular, 41mm Midnight Aluminum Case with Midnight…",https://www.amazon.com/Apple-Watch-Cellular-Midnight-Aluminum/dp/B09HDTHSDN/ref=zg_bsnr_7939901011_12?_encoding=UTF8&psc=1&refRID=RE4198HFBY6HG1E59FF6,https://www.amazon.com/product-reviews/B09HDTHSDN/ref=zg_bsnr_7939901011_cr_12?ie=UTF8&refRID=RE4198HFBY6HG1E59FF6,4.5,86,-1,Electronics,B09HDTHSDN,Apple,?2021年September28日,-1,499.00,-1,2021-11-08,nr,watches,2021-11-08
112,13,"Apple Watch Series?7 GPS, 41mm Green Aluminum Case with Clover Sport Band…",https://www.amazon.com/Apple-Watch-Green-Aluminum-Clover/dp/B09HF1DC1J/ref=zg_bsnr_7939901011_13?_encoding=UTF8&psc=1&refRID=RE4198HFBY6HG1E59FF6,https://www.amazon.com/product-reviews/B09HF1DC1J/ref=zg_bsnr_7939901011_cr_13?ie=UTF8&refRID=RE4198HFBY6HG1E59FF6,4.5,86,-1,Electronics,B09HF1DC1J,Apple,?2021年September28日,-1,439.00,-1,2021-11-08,nr,watches,2021-11-08
113,14,"Apple Watch Series 7 GPS + Cellular, 41mm Starlight Aluminum Case with Starlight Sport…",https://www.amazon.com/Apple-Watch-Cellular-Starlight-Aluminum/dp/B09HDZ5MKC/ref=zg_bsnr_7939901011_14?_encoding=UTF8&psc=1&refRID=RE4198HFBY6HG1E59FF6,https://www.amazon.com/product-reviews/B09HDZ5MKC/ref=zg_bsnr_7939901011_cr_14?ie=UTF8&refRID=RE4198HFBY6HG1E59FF6,4.5,86,-1,Electronics,B09HDZ5MKC,Apple,?2021年September28日,-1,499.00,-1,2021-11-08,nr,watches,2021-11-08
114,15,"Smart Watches for Women, 2021 HD LCD Smart Watch for Android Phones and iPhone…",https://www.amazon.com/Watches-Android-Compatible-Waterproof-Smartwatch/dp/B09G62P2LG/ref=zg_bsnr_7939901011_15?_encoding=UTF8&psc=1&refRID=RE4198HFBY6HG1E59FF6,https://www.amazon.com/product-reviews/B09G62P2LG/ref=zg_bsnr_7939901011_cr_15?ie=UTF8&refRID=RE4198HFBY6HG1E59FF6,4.8,287,725,Electronics,B09G62P2LG,Lovtutu,2021年September14日,-1,49.99,-1,2021-11-08,nr,watches,2021-11-08
115,16,Samsung Electronics Galaxy Watch 4 44mm Smartwatch with ECG Monitor Tracker for…,https://www.amazon.com/Samsung-Electronics-Galaxy-Watch-Smartwatch/dp/B096BHLJ7V/ref=zg_bsnr_7939901011_16?_encoding=UTF8&psc=1&refRID=RE4198HFBY6HG1E59FF6,https://www.amazon.com/product-reviews/B096BHLJ7V/ref=zg_bsnr_7939901011_cr_16?ie=UTF8&refRID=RE4198HFBY6HG1E59FF6,4.5,956,823,Electronics,B096BHLJ7V,Samsung Electronics,2021年August11日,-1,249.99,-1,2021-11-08,nr,watches,2021-11-08
116,17,Samsung Electronics Galaxy Watch 4 Classic 46mm Smartwatch with ECG Monitor Tracker…,https://www.amazon.com/Samsung-Electronics-Smartwatch-Detection-Bluetooth/dp/B096BKFG57/ref=zg_bsnr_7939901011_17?_encoding=UTF8&psc=1&refRID=RE4198HFBY6HG1E59FF6,https://www.amazon.com/product-reviews/B096BKFG57/ref=zg_bsnr_7939901011_cr_17?ie=UTF8&refRID=RE4198HFBY6HG1E59FF6,4.1,360,859,Electronics,B096BKFG57,Samsung Electronics,2021年August11日,-1,349.00,-1,2021-11-08,nr,watches,2021-11-08
117,18,Kids Smart Watch Girls Boys - Smart Watch for Kids Watches Ages 4-12 Years with 17…,https://www.amazon.com/Kids-Smart-Watch-Girls-Boys/dp/B095KDPQXZ/ref=zg_bsnr_7939901011_18?_encoding=UTF8&psc=1&refRID=RE4198HFBY6HG1E59FF6,https://www.amazon.com/product-reviews/B095KDPQXZ/ref=zg_bsnr_7939901011_cr_18?ie=UTF8&refRID=RE4198HFBY6HG1E59FF6,4.2,104,1082,Electronics,B095KDPQXZ,INIUPO,2021年June29日,-1,37.99,-1,2021-11-08,nr,watches,2021-11-08
118,19,Samsung Galaxy Watch 4 44mm Smartwatch with ECG Monitor Tracker for Health Fitness…,https://www.amazon.com/Samsung-Galaxy-Watch-Smartwatch-Detection/dp/B096BLQZZG/ref=zg_bsnr_7939901011_19?_encoding=UTF8&psc=1&refRID=RE4198HFBY6HG1E59FF6,https://www.amazon.com/product-reviews/B096BLQZZG/ref=zg_bsnr_7939901011_cr_19?ie=UTF8&refRID=RE4198HFBY6HG1E59FF6,4.5,956,1157,Electronics,B096BLQZZG,Samsung Electronics,2021年August11日,-1,229.99,-1,2021-11-08,nr,watches,2021-11-08
119,20,"WYZE Smart Watch, 1.75""(47mm)Aluminum Smartwatch for Android Phones and iOS…",https://www.amazon.com/WYZE-Aluminum-Smartwatch-Waterproof-Menstrual/dp/B0983VR4TD/ref=zg_bsnr_7939901011_20?_encoding=UTF8&psc=1&refRID=RE4198HFBY6HG1E59FF6,https://www.amazon.com/product-reviews/B0983VR4TD/ref=zg_bsnr_7939901011_cr_20?ie=UTF8&refRID=RE4198HFBY6HG1E59FF6,4.1,286,1177,Electronics,B0983VR4TD,WYZE,2021年July13日,-1,39.98,-1,2021-11-08,nr,watches,2021-11-08
120,21,"Apple Watch Series 7 GPS + Cellular, 45mm Blue Aluminum Case with Abyss Blue Sport…",https://www.amazon.com/Apple-Watch-Cellular-Aluminum-Abyss/dp/B09HF825CV/ref=zg_bsnr_7939901011_21?_encoding=UTF8&psc=1&refRID=RE4198HFBY6HG1E59FF6,https://www.amazon.com/product-reviews/B09HF825CV/ref=zg_bsnr_7939901011_cr_21?ie=UTF8&refRID=RE4198HFBY6HG1E59FF6,4.5,86,-1,Electronics,B09HF825CV,Apple,?2021年September28日,-1,529.00,-1,2021-11-08,nr,watches,2021-11-08
121,22,"Smart Watch, 1.69'' Smartwatch for Android Phones and IOS Phones Compatible with…",https://www.amazon.com/Smartwatch-Android-Compatible-Waterproof-Pedometer/dp/B09H3ZCKDD/ref=zg_bsnr_7939901011_22?_encoding=UTF8&psc=1&refRID=RE4198HFBY6HG1E59FF6,https://www.amazon.com/product-reviews/B09H3ZCKDD/ref=zg_bsnr_7939901011_cr_22?ie=UTF8&refRID=RE4198HFBY6HG1E59FF6,4.7,70,1420,Electronics,B09H3ZCKDD,Pupuskyer,2021年October1日,-1,35.99,-1,2021-11-08,nr,watches,2021-11-08
122,23,Samsung Electronics Galaxy Watch 4 44mm Smartwatch with ECG Monitor Tracker for…,https://www.amazon.com/Samsung-Electronics-Smartwatch-Detection-Bluetooth/dp/B096BFW6F2/ref=zg_bsnr_7939901011_23?_encoding=UTF8&psc=1&refRID=RE4198HFBY6HG1E59FF6,https://www.amazon.com/product-reviews/B096BFW6F2/ref=zg_bsnr_7939901011_cr_23?ie=UTF8&refRID=RE4198HFBY6HG1E59FF6,4.5,956,1308,Electronics,B096BFW6F2,Samsung Electronics,2021年August11日,-1,279.99,-1,2021-11-08,nr,watches,2021-11-08
123,24,"Apple Watch Series?7 GPS, 45mm (Product) RED Aluminum Case with (Product) RED…",https://www.amazon.com/Apple-Watch-Product-Aluminum-Sport/dp/B09HFGSRJ7/ref=zg_bsnr_7939901011_24?_encoding=UTF8&psc=1&refRID=RE4198HFBY6HG1E59FF6,https://www.amazon.com/product-reviews/B09HFGSRJ7/ref=zg_bsnr_7939901011_cr_24?ie=UTF8&refRID=RE4198HFBY6HG1E59FF6,4.5,86,-1,Electronics,B09HFGSRJ7,Apple,?September 28 2021,-1,429.00,-1,2021-11-08,nr,watches,2021-11-08
124,25,"Apple Watch Series?7 GPS, 41mm (Product) RED Aluminum Case with (Product) RED…",https://www.amazon.com/Apple-Watch-Product-Aluminum-Sport/dp/B09HDYWTPV/ref=zg_bsnr_7939901011_25?_encoding=UTF8&psc=1&refRID=RE4198HFBY6HG1E59FF6,https://www.amazon.com/product-reviews/B09HDYWTPV/ref=zg_bsnr_7939901011_cr_25?ie=UTF8&refRID=RE4198HFBY6HG1E59FF6,4.5,86,-1,Electronics,B09HDYWTPV,Apple,?September 28 2021,-1,399.00,-1,2021-11-08,nr,watches,2021-11-08
125,26,"Smart Watch, AOKESI 2021 Smart Watch for Android Phones and iPhone Compatible with…",https://www.amazon.com/Android-Compatible-Waterproof-Fitness-Smartwatch/dp/B0991ZHK6P/ref=zg_bsnr_7939901011_26?_encoding=UTF8&psc=1&refRID=RE4198HFBY6HG1E59FF6,https://www.amazon.com/product-reviews/B0991ZHK6P/ref=zg_bsnr_7939901011_cr_26?ie=UTF8&refRID=RE4198HFBY6HG1E59FF6,4.5,619,1611,Electronics,B0991ZHK6P,AOKESIFIT,2021-07-09,-1,42.49,-1,2021-11-08,nr,watches,2021-11-08
126,27,"Donerton Smart Watch, Fitness Tracker for Android Phones, Fitness Tracker with Heart…",https://www.amazon.com/Donerton-Activity-Waterproof-Pedometer-Smartwatch/dp/B09D9D6FF7/ref=zg_bsnr_7939901011_27?_encoding=UTF8&psc=1&refRID=RE4198HFBY6HG1E59FF6,https://www.amazon.com/product-reviews/B09D9D6FF7/ref=zg_bsnr_7939901011_cr_27?ie=UTF8&refRID=RE4198HFBY6HG1E59FF6,4.0,8806,1626,Electronics,B09D9D6FF7,Donerton,2021-08-21,-1,33.22,-1,2021-11-08,nr,watches,2021-11-08
127,28,"Stiive Smart Watch, 1.28 Inch Full Touch Screen Smartwatch for Men Women, Heart Rate &…",https://www.amazon.com/Stiive-Smartwatch-Pedometer-Waterproof-Phones-Pink/dp/B09BCJD4QP/ref=zg_bsnr_7939901011_28?_encoding=UTF8&psc=1&refRID=RE4198HFBY6HG1E59FF6,https://www.amazon.com/product-reviews/B09BCJD4QP/ref=zg_bsnr_7939901011_cr_28?ie=UTF8&refRID=RE4198HFBY6HG1E59FF6,4.2,148,1812,Electronics,B09BCJD4QP,Stiive,2021-08-12,-1,45.99,-1,2021-11-08,nr,watches,2021-11-08
128,29,Galaxy Watch 4 40mm Smartwatch with ECG Monitor Tracker for Health Fitness Running…,https://www.amazon.com/Smartwatch-Monitor-Tracker-Fitness-Detection/dp/B096BM96JH/ref=zg_bsnr_7939901011_29?_encoding=UTF8&psc=1&refRID=RE4198HFBY6HG1E59FF6,https://www.amazon.com/product-reviews/B096BM96JH/ref=zg_bsnr_7939901011_cr_29?ie=UTF8&refRID=RE4198HFBY6HG1E59FF6,4.5,956,1836,Electronics,B096BM96JH,Samsung Electronics,2021-08-11,-1,249.99,-1,2021-11-08,nr,watches,2021-11-08
129,30,"Smart Watches for Women, AOKESI 2021 Smart Watch for Android Phones and iPhone…",https://www.amazon.com/Watches-Android-Compatible-Waterproof-Smartwatch/dp/B09B1RFMNB/ref=zg_bsnr_7939901011_30?_encoding=UTF8&psc=1&refRID=RE4198HFBY6HG1E59FF6,https://www.amazon.com/product-reviews/B09B1RFMNB/ref=zg_bsnr_7939901011_cr_30?ie=UTF8&refRID=RE4198HFBY6HG1E59FF6,4.5,619,1846,Electronics,B09B1RFMNB,AOKESIFIT,2021-07-22,-1,42.49,-1,2021-11-08,nr,watches,2021-11-08
130,31,"Smart Watch, 2021 HD LCD Smart Watch for Android Phones and iPhone Compatible,…",https://www.amazon.com/Android-Compatible-Waterproof-Fitness-Smartwatch/dp/B09G6H8JTP/ref=zg_bsnr_7939901011_31?_encoding=UTF8&psc=1&refRID=RE4198HFBY6HG1E59FF6,https://www.amazon.com/product-reviews/B09G6H8JTP/ref=zg_bsnr_7939901011_cr_31?ie=UTF8&refRID=RE4198HFBY6HG1E59FF6,4.8,287,1848,Electronics,B09G6H8JTP,Lovtutu,2021-09-14,-1,49.99,-1,2021-11-08,nr,watches,2021-11-08
131,32,"Smart Watch 2021(Call Receive/Dial), 1.72 in HD Full Touch Screen Smartwatch Fitness…",https://www.amazon.com/Receive-Smartwatch-Fitness-Tracker-T42-Black/dp/B09DYBHPWV/ref=zg_bsnr_7939901011_32?_encoding=UTF8&psc=1&refRID=RE4198HFBY6HG1E59FF6,https://www.amazon.com/product-reviews/B09DYBHPWV/ref=zg_bsnr_7939901011_cr_32?ie=UTF8&refRID=RE4198HFBY6HG1E59FF6,4.6,23,1904,Electronics,B09DYBHPWV,ANDFZ,2021-09-13,-1,59.99,-1,2021-11-08,nr,watches,2021-11-08
132,33,"Smart Watch,1.44"" Touch Screen Smartwatch,Fitness Trackers with Heart Rate Monitor,Waterproof IP65 Activity Trackers…",https://www.amazon.com/Smartwatch-Trackers-Waterproof-Pedometer-Stopwatch/dp/B09HQPXK91/ref=zg_bsnr_7939901011_33?_encoding=UTF8&psc=1&refRID=RE4198HFBY6HG1E59FF6,,0,0,1909,Electronics,B09HQPXK91,Sanpanpai,2021-10-04,-1,63.96,-1,2021-11-08,nr,watches,2021-11-08
133,34,Samsung Galaxy Watch 4 Classic 46mm Smartwatch with ECG Monitor Tracker for…,https://www.amazon.com/Samsung-Classic-Smartwatch-Detection-Bluetooth/dp/B096BL5C31/ref=zg_bsnr_7939901011_34?_encoding=UTF8&psc=1&refRID=RE4198HFBY6HG1E59FF6,https://www.amazon.com/product-reviews/B096BL5C31/ref=zg_bsnr_7939901011_cr_34?ie=UTF8&refRID=RE4198HFBY6HG1E59FF6,4.1,360,1947,Electronics,B096BL5C31,Samsung Electronics,2021-08-11,-1,349.99,-1,2021-11-08,nr,watches,2021-11-08
134,35,"Smart Watch, 1.69'' Smartwatch for Android Phones and IOS Phones Compatible with…",https://www.amazon.com/Smartwatch-Android-Compatible-Waterproof-Pedometer/dp/B09H41VPRT/ref=zg_bsnr_7939901011_35?_encoding=UTF8&psc=1&refRID=RE4198HFBY6HG1E59FF6,https://www.amazon.com/product-reviews/B09H41VPRT/ref=zg_bsnr_7939901011_cr_35?ie=UTF8&refRID=RE4198HFBY6HG1E59FF6,4.7,70,2052,Electronics,B09H41VPRT,Pupuskyer,2021-10-01,-1,35.99,-1,2021-11-08,nr,watches,2021-11-08
135,36,TouchElex Smart Watch for Android Phones and iOS?Compatible iPhone Samsung?Men…,https://www.amazon.com/Smart-iOS-Compatible-Screen-Oxygen-Waterproof-Smartwatch-Fitness-Tracker-Fitness/dp/B097XJDT7Y/ref=zg_bsnr_7939901011_36?_encoding=UTF8&psc=1&refRID=RE4198HFBY6HG1E59FF6,https://www.amazon.com/product-reviews/B097XJDT7Y/ref=zg_bsnr_7939901011_cr_36?ie=UTF8&refRID=RE4198HFBY6HG1E59FF6,3.9,128,2143,Electronics,B097XJDT7Y,TOUCHELEX,2021-07-06,-1,39.99,-1,2021-11-08,nr,watches,2021-11-08
136,37,"Smart Watch 2021 for Men Women, Fitness Tracker 1.69"" Touch Screen Smartwatch…",https://www.amazon.com/Fitness-Smartwatch-Waterproof-Pedometer-Activity/dp/B09BV4DLNN/ref=zg_bsnr_7939901011_37?_encoding=UTF8&psc=1&refRID=RE4198HFBY6HG1E59FF6,https://www.amazon.com/product-reviews/B09BV4DLNN/ref=zg_bsnr_7939901011_cr_37?ie=UTF8&refRID=RE4198HFBY6HG1E59FF6,3.9,319,2145,Electronics,B09BV4DLNN,Ordtop,2021-08-05,-1,49.99,-1,2021-11-08,nr,watches,2021-11-08
137,38,"Apple Watch Series 7 GPS + Cellular, 41mm Blue Aluminum Case with Abyss Blue Sport…",https://www.amazon.com/Apple-Watch-Cellular-Aluminum-Abyss/dp/B09HF4MDS5/ref=zg_bsnr_7939901011_38?_encoding=UTF8&psc=1&refRID=RE4198HFBY6HG1E59FF6,https://www.amazon.com/product-reviews/B09HF4MDS5/ref=zg_bsnr_7939901011_cr_38?ie=UTF8&refRID=RE4198HFBY6HG1E59FF6,4.5,86,-1,Electronics,B09HF4MDS5,Apple,?September 28 2021,-1,499.00,-1,2021-11-08,nr,watches,2021-11-08
138,39,"Apple Watch Series 7 GPS + Cellular, 45mm Starlight Aluminum Case with Starlight Sport…",https://www.amazon.com/Apple-Watch-Cellular-Starlight-Aluminum/dp/B09HF6MDC6/ref=zg_bsnr_7939901011_39?_encoding=UTF8&psc=1&refRID=RE4198HFBY6HG1E59FF6,https://www.amazon.com/product-reviews/B09HF6MDC6/ref=zg_bsnr_7939901011_cr_39?ie=UTF8&refRID=RE4198HFBY6HG1E59FF6,4.5,86,-1,Electronics,B09HF6MDC6,Apple,?September 28 2021,-1,519.28,-1,2021-11-08,nr,watches,2021-11-08
139,40,"mebossco Smart Watch, IP68 Waterproof Smartwatch, Fitness Tracker with Heart Rate…",https://www.amazon.com/mebossco-Waterproof-Smartwatch-Fitness-Activity/dp/B09BB57HKY/ref=zg_bsnr_7939901011_40?_encoding=UTF8&psc=1&refRID=RE4198HFBY6HG1E59FF6,https://www.amazon.com/product-reviews/B09BB57HKY/ref=zg_bsnr_7939901011_cr_40?ie=UTF8&refRID=RE4198HFBY6HG1E59FF6,4.3,176,2291,Electronics,B09BB57HKY,mebossco,2021-07-27,-1,19.99,-1,2021-11-08,nr,watches,2021-11-08
140,41,"Sudugo Smart Watch 2021 Watches for Men Women, 1.69"" Touch Screen Fitness Tracker,…",https://www.amazon.com/Sudugo-Pedometer-Waterproof-Smartwatch-Compatible/dp/B09B38PZG4/ref=zg_bsnr_7939901011_41?_encoding=UTF8&psc=1&refRID=RE4198HFBY6HG1E59FF6,https://www.amazon.com/product-reviews/B09B38PZG4/ref=zg_bsnr_7939901011_cr_41?ie=UTF8&refRID=RE4198HFBY6HG1E59FF6,4.5,372,2293,Electronics,B09B38PZG4,Sudugo,2021-07-26,-1,45.99,-1,2021-11-08,nr,watches,2021-11-08
141,42,"Apple Watch Series 7 GPS + Cellular, 45mm Graphite Stainless Steel Case with Abyss Blue…",https://www.amazon.com/Apple-Watch-Cellular-Graphite-Stainless/dp/B09HFGVDS6/ref=zg_bsnr_7939901011_42?_encoding=UTF8&psc=1&refRID=RE4198HFBY6HG1E59FF6,https://www.amazon.com/product-reviews/B09HFGVDS6/ref=zg_bsnr_7939901011_cr_42?ie=UTF8&refRID=RE4198HFBY6HG1E59FF6,4.5,86,-1,Electronics,B09HFGVDS6,Apple,?September 28 2021,-1,749.00,-1,2021-11-08,nr,watches,2021-11-08
142,43,Samsung Electronics Galaxy Watch 4 Classic 42mm Smartwatch with ECG Monitor Tracker…,https://www.amazon.com/Samsung-Electronics-Smartwatch-Detection-Bluetooth/dp/B096BKVWZZ/ref=zg_bsnr_7939901011_43?_encoding=UTF8&psc=1&refRID=RE4198HFBY6HG1E59FF6,https://www.amazon.com/product-reviews/B096BKVWZZ/ref=zg_bsnr_7939901011_cr_43?ie=UTF8&refRID=RE4198HFBY6HG1E59FF6,4.1,360,2689,Electronics,B096BKVWZZ,Samsung Electronics,2021-08-11,-1,319.00,-1,2021-11-08,nr,watches,2021-11-08
143,44,"Smart Watch, ZOSKVEE Smartwatch for Android & iOS with Heart Rate, Blood…",https://www.amazon.com/ZOSKVEE-Smartwatch-Android-Saturation-Waterproof/dp/B09CCPNPSZ/ref=zg_bsnr_7939901011_44?_encoding=UTF8&psc=1&refRID=RE4198HFBY6HG1E59FF6,https://www.amazon.com/product-reviews/B09CCPNPSZ/ref=zg_bsnr_7939901011_cr_44?ie=UTF8&refRID=RE4198HFBY6HG1E59FF6,4.8,161,2764,Electronics,B09CCPNPSZ,ZOSKVEE,2021-08-12,-1,40.99,-1,2021-11-08,nr,watches,2021-11-08
144,45,"Pradory Smart Watch, Fitness Watch Activity Tracker with Blood Pressure Heart Rate…",https://www.amazon.com/Pradory-Activity-Waterproof-Bluetooth-Smartwatch/dp/B09GLKKWVD/ref=zg_bsnr_7939901011_45?_encoding=UTF8&psc=1&refRID=RE4198HFBY6HG1E59FF6,https://www.amazon.com/product-reviews/B09GLKKWVD/ref=zg_bsnr_7939901011_cr_45?ie=UTF8&refRID=RE4198HFBY6HG1E59FF6,4.8,1066,2766,Electronics,B09GLKKWVD,Pradory,2021-09-21,-1,32.99,-1,2021-11-08,nr,watches,2021-11-08
145,46,Smart Watch for Men Fitness Tracker: IP68 Waterproof Smartwatch for Android iOS Phone Sport Running Digital Watches with Heart…,https://www.amazon.com/Smart-Watch-Men-Fitness-Tracker/dp/B09J82W7DL/ref=zg_bsnr_7939901011_46?_encoding=UTF8&psc=1&refRID=RE4198HFBY6HG1E59FF6,,0,0,2809,Electronics,B09J82W7DL,niizero,2021-10-31,-1,45.99,-1,2021-11-08,nr,watches,2021-11-08
146,47,"Smart Watch 2021 for Men Women, Fitness Watch 1.69"" Touch Screen Smartwatch,…",https://www.amazon.com/Fitness-Smartwatch-Pedometer-Waterproof-Activity/dp/B098PZNSL7/ref=zg_bsnr_7939901011_47?_encoding=UTF8&psc=1&refRID=RE4198HFBY6HG1E59FF6,https://www.amazon.com/product-reviews/B098PZNSL7/ref=zg_bsnr_7939901011_cr_47?ie=UTF8&refRID=RE4198HFBY6HG1E59FF6,3.8,827,2814,Electronics,B098PZNSL7,Sudugo,2021-07-06,-1,42.99,-1,2021-11-08,nr,watches,2021-11-08
147,48,"Apple Watch SE (GPS, 44mm) - Silver Aluminium Case with Abyss Blue Sport Band…",https://www.amazon.com/Apple-Watch-GPS-44mm-Aluminium/dp/B09G9DT2KW/ref=zg_bsnr_7939901011_48?_encoding=UTF8&psc=1&refRID=RE4198HFBY6HG1E59FF6,https://www.amazon.com/product-reviews/B09G9DT2KW/ref=zg_bsnr_7939901011_cr_48?ie=UTF8&refRID=RE4198HFBY6HG1E59FF6,4.8,22999,-1,Electronics,B09G9DT2KW,Apple,?September 14 2021,-1,309.00,-1,2021-11-08,nr,watches,2021-11-08
148,49,TicWatch Pro 3 Ultra GPS Smartwatch Qualcomm SDW4100 and Mobvoi Dual…,https://www.amazon.com/TicWatch-Smartwatch-Processor-Detection-Assessment/dp/B09FXRR32P/ref=zg_bsnr_7939901011_49?_encoding=UTF8&psc=1&refRID=RE4198HFBY6HG1E59FF6,https://www.amazon.com/product-reviews/B09FXRR32P/ref=zg_bsnr_7939901011_cr_49?ie=UTF8&refRID=RE4198HFBY6HG1E59FF6,4.7,50,2828,Electronics,B09FXRR32P,Ticwatch,2021-10-13,-1,299.99,-1,2021-11-08,nr,watches,2021-11-08
149,50,Samsung Electronics Galaxy Watch 4 Classic 46mm Smartwatch with ECG Monitor Tracker…,https://www.amazon.com/Samsung-Electronics-Classic-Smartwatch-Detection/dp/B096BHFLVD/ref=zg_bsnr_7939901011_50?_encoding=UTF8&psc=1&refRID=RE4198HFBY6HG1E59FF6,https://www.amazon.com/product-reviews/B096BHFLVD/ref=zg_bsnr_7939901011_cr_50?ie=UTF8&refRID=RE4198HFBY6HG1E59FF6,4.1,360,2849,Electronics,B096BHFLVD,Samsung Electronics,2021-08-11,-1,399.99,-1,2021-11-08,nr,watches,2021-11-08
150,51,"Smart Watch, ZOSKVEE Smartwatch for Android & iOS with Heart Rate, Blood…",https://www.amazon.com/ZOSKVEE-Smartwatch-Android-Saturation-Waterproof/dp/B09CCGNQQZ/ref=zg_bsnr_7939901011_51?_encoding=UTF8&psc=1&refRID=ZRX9B3HAQYMCW7ZX3V62,https://www.amazon.com/product-reviews/B09CCGNQQZ/ref=zg_bsnr_7939901011_cr_51?ie=UTF8&refRID=ZRX9B3HAQYMCW7ZX3V62,4.8,162,2945,Electronics,B09CCGNQQZ,ZOSKVEE,2021-08-12,-1,39.99,-1,2021-11-08,nr,watches,2021-11-08
151,52,Kids Smart Watch Girls Boys - Smart Watch for Kids Watches Ages 4-12 Years with 17…,https://www.amazon.com/Kids-Smart-Watch-Girls-Boys/dp/B095K8Z4VQ/ref=zg_bsnr_7939901011_52?_encoding=UTF8&psc=1&refRID=ZRX9B3HAQYMCW7ZX3V62,https://www.amazon.com/product-reviews/B095K8Z4VQ/ref=zg_bsnr_7939901011_cr_52?ie=UTF8&refRID=ZRX9B3HAQYMCW7ZX3V62,4.2,104,2946,Electronics,B095K8Z4VQ,INIUPO,2021-06-29,-1,37.99,-1,2021-11-08,nr,watches,2021-11-08
152,53,"Togala Smart Watch, 1.69 Inch Touch Screen Smartwatch for Android and iOS Phones,…",https://www.amazon.com/Togala-Smartwatch-Android-Waterproof-Activity/dp/B09CYS62TJ/ref=zg_bsnr_7939901011_53?_encoding=UTF8&psc=1&refRID=ZRX9B3HAQYMCW7ZX3V62,https://www.amazon.com/product-reviews/B09CYS62TJ/ref=zg_bsnr_7939901011_cr_53?ie=UTF8&refRID=ZRX9B3HAQYMCW7ZX3V62,4.1,525,3060,Electronics,B09CYS62TJ,Togala,2021-08-22,-1,42.99,-1,2021-11-08,nr,watches,2021-11-08
153,54,"Smart Watch, mebossco Fitness Tracker for Women Men, 1.69 Inch Smartwatch with…",https://www.amazon.com/mebossco-Fitness-Tracker-Smartwatch-Waterproof/dp/B09B3XSV4H/ref=zg_bsnr_7939901011_54?_encoding=UTF8&psc=1&refRID=ZRX9B3HAQYMCW7ZX3V62,https://www.amazon.com/product-reviews/B09B3XSV4H/ref=zg_bsnr_7939901011_cr_54?ie=UTF8&refRID=ZRX9B3HAQYMCW7ZX3V62,3.9,266,3073,Electronics,B09B3XSV4H,mebossco,2021-07-23,-1,25.99,-1,2021-11-08,nr,watches,2021-11-08
154,55,"Apple Watch Series 7 GPS + Cellular, 45mm Green Aluminum Case with Clover Sport…",https://www.amazon.com/Apple-Watch-Cellular-Aluminum-Clover/dp/B09HDTBYFP/ref=zg_bsnr_7939901011_55?_encoding=UTF8&psc=1&refRID=ZRX9B3HAQYMCW7ZX3V62,https://www.amazon.com/product-reviews/B09HDTBYFP/ref=zg_bsnr_7939901011_cr_55?ie=UTF8&refRID=ZRX9B3HAQYMCW7ZX3V62,4.5,86,-1,Electronics,B09HDTBYFP,Apple,?September 28 2021,-1,529.00,-1,2021-11-08,nr,watches,2021-11-08
155,56,"Fitniv Smart Watch, 1.4 Inch Touch Screen Smartwatch with Heart Rate Monitor, IP68…",https://www.amazon.com/Smartwatch-Monitor-Waterproof-Fitness-Compatible/dp/B09BFKGBCP/ref=zg_bsnr_7939901011_56?_encoding=UTF8&psc=1&refRID=ZRX9B3HAQYMCW7ZX3V62,https://www.amazon.com/product-reviews/B09BFKGBCP/ref=zg_bsnr_7939901011_cr_56?ie=UTF8&refRID=ZRX9B3HAQYMCW7ZX3V62,4.2,138,3102,Electronics,B09BFKGBCP,FITNIV,2021-07-29,-1,39.99,-1,2021-11-08,nr,watches,2021-11-08
156,57,"Hamile 2021 Version 1.55"" Smart Watch for Android Phones Compatible with iPhone,…",https://www.amazon.com/Hamile-Version-Compatible-Waterproof-Lavender/dp/B0953C5CCC/ref=zg_bsnr_7939901011_57?_encoding=UTF8&psc=1&refRID=ZRX9B3HAQYMCW7ZX3V62,https://www.amazon.com/product-reviews/B0953C5CCC/ref=zg_bsnr_7939901011_cr_57?ie=UTF8&refRID=ZRX9B3HAQYMCW7ZX3V62,4.2,395,3217,Electronics,B0953C5CCC,Hamile,2021-06-14,-1,49.99,-1,2021-11-08,nr,watches,2021-11-08
157,58,"Fitniv Smart Watch, 1.55 Inch LCD Color Touch Screen Smartwatch for Android and iOS…",https://www.amazon.com/Smartwatch-Android-Monitor-Waterproof-Pedometer/dp/B09BN3X8N2/ref=zg_bsnr_7939901011_58?_encoding=UTF8&psc=1&refRID=ZRX9B3HAQYMCW7ZX3V62,https://www.amazon.com/product-reviews/B09BN3X8N2/ref=zg_bsnr_7939901011_cr_58?ie=UTF8&refRID=ZRX9B3HAQYMCW7ZX3V62,4.2,127,3234,Electronics,B09BN3X8N2,FITNIV,2021-08-13,-1,45.99,-1,2021-11-08,nr,watches,2021-11-08
158,59,"Kids Smart Watch for Boys Girls,Child Smartwatches with 16 Games Music Player…",https://www.amazon.com/Smartwatches-Calculator-Birthday-Educational-Learning/dp/B09BZJYWNP/ref=zg_bsnr_7939901011_59?_encoding=UTF8&psc=1&refRID=ZRX9B3HAQYMCW7ZX3V62,https://www.amazon.com/product-reviews/B09BZJYWNP/ref=zg_bsnr_7939901011_cr_59?ie=UTF8&refRID=ZRX9B3HAQYMCW7ZX3V62,4.3,90,3255,Electronics,B09BZJYWNP,AIWIEP,-1,-1,37.99,-1,2021-11-08,nr,watches,2021-11-08
159,60,"Smart Watch, 1.69'' Smartwatch for Android Phones and IOS Phones Compatible with…",https://www.amazon.com/Smartwatch-Android-Compatible-Waterproof-Pedometer/dp/B09H3ZYTJ9/ref=zg_bsnr_7939901011_60?_encoding=UTF8&psc=1&refRID=ZRX9B3HAQYMCW7ZX3V62,https://www.amazon.com/product-reviews/B09H3ZYTJ9/ref=zg_bsnr_7939901011_cr_60?ie=UTF8&refRID=ZRX9B3HAQYMCW7ZX3V62,4.7,70,3267,Electronics,B09H3ZYTJ9,Pupuskyer,2021-10-01,-1,35.99,-1,2021-11-08,nr,watches,2021-11-08
160,61,"Jogfit Smart Watch for Men Women, Smartwatch for Android iOS Phones Fitness…",https://www.amazon.com/Jogfit-Smartwatch-Waterproof-Pedometer-Notification/dp/B09G62BG7J/ref=zg_bsnr_7939901011_61?_encoding=UTF8&psc=1&refRID=ZRX9B3HAQYMCW7ZX3V62,https://www.amazon.com/product-reviews/B09G62BG7J/ref=zg_bsnr_7939901011_cr_61?ie=UTF8&refRID=ZRX9B3HAQYMCW7ZX3V62,4.2,331,3333,Electronics,B09G62BG7J,Jogfit,2021-09-14,-1,39.99,-1,2021-11-08,nr,watches,2021-11-08
161,62,"Rinsmola Smart Watch for Android, iOS Phones, 1.4"" Fitness Tracker with Heart Rate and Sleep Monitor, Sports Smartwatch…",https://www.amazon.com/Rinsmola-Smartwatch-Waterproof-Pedometer-Activity/dp/B09FDYC88S/ref=zg_bsnr_7939901011_62?_encoding=UTF8&psc=1&refRID=ZRX9B3HAQYMCW7ZX3V62,,0,0,3351,Electronics,B09FDYC88S,Rinsmola,2021-09-03,-1,36.99,-1,2021-11-08,nr,watches,2021-11-08
162,63,"Togala Smart Watch for Men Women, Fitness Tracker 1.69"" Touch Screen Smartwatch, IP67…",https://www.amazon.com/Togala-Smartwatch-Waterproof-Pedometer-Activity/dp/B09F2RFFHK/ref=zg_bsnr_7939901011_63?_encoding=UTF8&psc=1&refRID=ZRX9B3HAQYMCW7ZX3V62,https://www.amazon.com/product-reviews/B09F2RFFHK/ref=zg_bsnr_7939901011_cr_63?ie=UTF8&refRID=ZRX9B3HAQYMCW7ZX3V62,4.8,207,3386,Electronics,B09F2RFFHK,Togala,2021-10-17,-1,45.99,-1,2021-11-08,nr,watches,2021-11-08
163,64,Kids Smart Watch Girls Boys - Smart Watch for Kids Watches Ages 4-12 Years with 17…,https://www.amazon.com/Kids-Smart-Watch-Girls-Boys/dp/B095KDXMZ1/ref=zg_bsnr_7939901011_64?_encoding=UTF8&psc=1&refRID=ZRX9B3HAQYMCW7ZX3V62,https://www.amazon.com/product-reviews/B095KDXMZ1/ref=zg_bsnr_7939901011_cr_64?ie=UTF8&refRID=ZRX9B3HAQYMCW7ZX3V62,4.2,104,3402,Electronics,B095KDXMZ1,INIUPO,2021-06-29,-1,37.99,-1,2021-11-08,nr,watches,2021-11-08
164,65,"Fitniv Smart Watch, 1.4 Inch LCD Color Touch Screen Smartwatch for Men Women, Heart…",https://www.amazon.com/Smartwatch-Monitor-Waterproof-Fitness-Pedometer/dp/B09GVNPM3M/ref=zg_bsnr_7939901011_65?_encoding=UTF8&psc=1&refRID=ZRX9B3HAQYMCW7ZX3V62,https://www.amazon.com/product-reviews/B09GVNPM3M/ref=zg_bsnr_7939901011_cr_65?ie=UTF8&refRID=ZRX9B3HAQYMCW7ZX3V62,4.1,40,3481,Electronics,B09GVNPM3M,FITNIV,2021-09-22,-1,29.99,-1,2021-11-08,nr,watches,2021-11-08
165,66,"Pradory Smart Watch, Bluetooth Smartwatch for Android Phones IP67 Waterproof Fitness…",https://www.amazon.com/Pradory-Bluetooth-Smartwatch-Waterproof-Pressure/dp/B09JFBX6NY/ref=zg_bsnr_7939901011_66?_encoding=UTF8&psc=1&refRID=ZRX9B3HAQYMCW7ZX3V62,https://www.amazon.com/product-reviews/B09JFBX6NY/ref=zg_bsnr_7939901011_cr_66?ie=UTF8&refRID=ZRX9B3HAQYMCW7ZX3V62,4.8,902,3555,Electronics,B09JFBX6NY,Pradory,2021-10-14,-1,32.99,-1,2021-11-08,nr,watches,2021-11-08
166,67,"Hamile 2021 Version 1.55"" Smart Watch for Android Phones Compatible with iPhone,…",https://www.amazon.com/Hamile-Version-Android-Compatible-Waterproof/dp/B0953G12LH/ref=zg_bsnr_7939901011_67?_encoding=UTF8&psc=1&refRID=ZRX9B3HAQYMCW7ZX3V62,https://www.amazon.com/product-reviews/B0953G12LH/ref=zg_bsnr_7939901011_cr_67?ie=UTF8&refRID=ZRX9B3HAQYMCW7ZX3V62,4.2,395,3582,Electronics,B0953G12LH,Hamile,2021-06-14,-1,49.99,-1,2021-11-08,nr,watches,2021-11-08
167,68,"Smart Watch for Men and Women,IP68 Waterproof Fitness Tracker with Heart Rate…",https://www.amazon.com/Waterproof-Pressure-Tracking-Smartwatch-Compatible/dp/B09874ZF61/ref=zg_bsnr_7939901011_68?_encoding=UTF8&psc=1&refRID=ZRX9B3HAQYMCW7ZX3V62,https://www.amazon.com/product-reviews/B09874ZF61/ref=zg_bsnr_7939901011_cr_68?ie=UTF8&refRID=ZRX9B3HAQYMCW7ZX3V62,4.0,31,3595,Electronics,B09874ZF61,threesheep,2021-06-29,-1,36.99,-1,2021-11-08,nr,watches,2021-11-08
168,69,"Amazfit GTS 3 Smart Watch for Android iPhone, Alexa Built-in, GPS Fitness Sports…",https://www.amazon.com/Amazfit-Android-Fitness-Display-Tracking/dp/B09H5TWZQT/ref=zg_bsnr_7939901011_69?_encoding=UTF8&psc=1&refRID=ZRX9B3HAQYMCW7ZX3V62,https://www.amazon.com/product-reviews/B09H5TWZQT/ref=zg_bsnr_7939901011_cr_69?ie=UTF8&refRID=ZRX9B3HAQYMCW7ZX3V62,4.0,1245,3611,Electronics,B09H5TWZQT,Amazfit,2021-10-20,-1,179.99,-1,2021-11-08,nr,watches,2021-11-08
169,70,"Smart Watch for Men Women 2021, 1.69'' HD Touch Screen Fitness Tracker Smartwatch for…",https://www.amazon.com/Fitness-Smartwatch-Waterproof-Pedometer-Activity/dp/B09CKLQP4K/ref=zg_bsnr_7939901011_70?_encoding=UTF8&psc=1&refRID=ZRX9B3HAQYMCW7ZX3V62,https://www.amazon.com/product-reviews/B09CKLQP4K/ref=zg_bsnr_7939901011_cr_70?ie=UTF8&refRID=ZRX9B3HAQYMCW7ZX3V62,4.9,34,3679,Electronics,B09CKLQP4K,Bowost,2021-09-08,-1,49.99,-1,2021-11-08,nr,watches,2021-11-08
170,71,"Smart Watch Sleep Fitness Waterproof Watch, IP65 Waterproof for Daily Life,1.44 Inch…",https://www.amazon.com/Fitness-Waterproof-Upgraded-Screen-Teenager/dp/B09G5TXC5F/ref=zg_bsnr_7939901011_71?_encoding=UTF8&psc=1&refRID=ZRX9B3HAQYMCW7ZX3V62,https://www.amazon.com/product-reviews/B09G5TXC5F/ref=zg_bsnr_7939901011_cr_71?ie=UTF8&refRID=ZRX9B3HAQYMCW7ZX3V62,1.0,1,3807,Electronics,B09G5TXC5F,SENMYSI,2021-08-23,-1,69.95,-1,2021-11-08,nr,watches,2021-11-08
171,72,"Fossil Women's Gen 6 Touchscreen Smartwatch with Speaker, Heart Rate, Blood Oxygen,…",https://www.amazon.com/Fossil-42mm-Smartwatch-Model-Interchangeable/dp/B09F5D47QD/ref=zg_bsnr_7939901011_72?_encoding=UTF8&psc=1&refRID=ZRX9B3HAQYMCW7ZX3V62,https://www.amazon.com/product-reviews/B09F6FGNFB/ref=zg_bsnr_7939901011_cr_72?ie=UTF8&refRID=ZRX9B3HAQYMCW7ZX3V62,4.3,21,93083,Electronics,B09F5D47QD,Fossil,2021-09-01,-1,299.00,-1,2021-11-08,nr,watches,2021-11-08
172,73,Smart Watch Charger 2 pin Magnetic Smart Watch Charging Cable Compatible with…,https://www.amazon.com/Charger-Magnetic-Charging-Compatible-VeryFitPro/dp/B09FM76BCQ/ref=zg_bsnr_7939901011_73?_encoding=UTF8&psc=1&refRID=ZRX9B3HAQYMCW7ZX3V62,https://www.amazon.com/product-reviews/B09FM76BCQ/ref=zg_bsnr_7939901011_cr_73?ie=UTF8&refRID=ZRX9B3HAQYMCW7ZX3V62,1.0,2,4109,Electronics,B09FM76BCQ,Generic,2021-09-07,-1,6.98,-1,2021-11-08,nr,watches,2021-11-08
173,74,Samsung Galaxy Watch 4 40mm Smartwatch with ECG Monitor Tracker for Health Fitness…,https://www.amazon.com/Samsung-Smartwatch-Monitor-Tracker-Detection/dp/B096BHFWBH/ref=zg_bsnr_7939901011_74?_encoding=UTF8&psc=1&refRID=ZRX9B3HAQYMCW7ZX3V62,https://www.amazon.com/product-reviews/B096BHFWBH/ref=zg_bsnr_7939901011_cr_74?ie=UTF8&refRID=ZRX9B3HAQYMCW7ZX3V62,4.5,956,4148,Electronics,B096BHFWBH,Samsung Electronics,2021-08-11,-1,299.99,-1,2021-11-08,nr,watches,2021-11-08
174,75,"Fossil Men's Gen 6 Touchscreen Smartwatch with Speaker, Heart Rate, Blood Oxygen,…",https://www.amazon.com/Fossil-Stainless-Steel-Silicone-Touchscreen/dp/B09B2YNGSN/ref=zg_bsnr_7939901011_75?_encoding=UTF8&psc=1&refRID=ZRX9B3HAQYMCW7ZX3V62,https://www.amazon.com/product-reviews/B09F65TGC4/ref=zg_bsnr_7939901011_cr_75?ie=UTF8&refRID=ZRX9B3HAQYMCW7ZX3V62,4.1,60,118505,Electronics,B09B2YNGSN,Fossil,2021-09-01,-1,299.00,-1,2021-11-08,nr,watches,2021-11-08
175,76,"Apple Watch Series 7 GPS + Cellular, 41mm Green Aluminum Case with Clover Sport…",https://www.amazon.com/Apple-Watch-Cellular-Aluminum-Clover/dp/B09HF6QF5J/ref=zg_bsnr_7939901011_76?_encoding=UTF8&psc=1&refRID=ZRX9B3HAQYMCW7ZX3V62,https://www.amazon.com/product-reviews/B09HF6QF5J/ref=zg_bsnr_7939901011_cr_76?ie=UTF8&refRID=ZRX9B3HAQYMCW7ZX3V62,4.5,86,-1,Electronics,B09HF6QF5J,Apple,?September 28 2021,-1,499.00,-1,2021-11-08,nr,watches,2021-11-08
176,77,Samsung Galaxy Watch 4 Classic 42mm Smartwatch with ECG Monitor Tracker for…,https://www.amazon.com/Samsung-Classic-Smartwatch-Detection-Bluetooth/dp/B096BKYQ9S/ref=zg_bsnr_7939901011_77?_encoding=UTF8&psc=1&refRID=ZRX9B3HAQYMCW7ZX3V62,https://www.amazon.com/product-reviews/B096BKYQ9S/ref=zg_bsnr_7939901011_cr_77?ie=UTF8&refRID=ZRX9B3HAQYMCW7ZX3V62,4.1,360,4243,Electronics,B096BKYQ9S,Samsung Electronics,2021-08-11,-1,319.99,-1,2021-11-08,nr,watches,2021-11-08
177,78,"Smart Watch, 1.69'' Touch Screen Fitness Tracker Watches for Men Women, IP68…",https://www.amazon.com/Waterproof-Smartwatch-Pedometer-Stopwatch-Activity/dp/B09BQMNQ1S/ref=zg_bsnr_7939901011_78?_encoding=UTF8&psc=1&refRID=ZRX9B3HAQYMCW7ZX3V62,https://www.amazon.com/product-reviews/B09BQMNQ1S/ref=zg_bsnr_7939901011_cr_78?ie=UTF8&refRID=ZRX9B3HAQYMCW7ZX3V62,4.2,2163,4349,Electronics,B09BQMNQ1S,choosice,2021-08-03,-1,49.99,-1,2021-11-08,nr,watches,2021-11-08
178,79,"Burxoe Smart Watch,Ip67 Waterproof Bluetooth Smartwatch for Android…",https://www.amazon.com/Burxoe-Waterproof-Bluetooth-Smartwatch-Compatiable/dp/B09JNYMD67/ref=zg_bsnr_7939901011_79?_encoding=UTF8&psc=1&refRID=ZRX9B3HAQYMCW7ZX3V62,https://www.amazon.com/product-reviews/B09JNYMD67/ref=zg_bsnr_7939901011_cr_79?ie=UTF8&refRID=ZRX9B3HAQYMCW7ZX3V62,5.0,19,4405,Electronics,B09JNYMD67,Burxoe,2021-10-15,-1,26.99,-1,2021-11-08,nr,watches,2021-11-08
179,80,"Smart Watch, 1.69'' Smartwatch for Android Phones and IOS Phones Compatible with…",https://www.amazon.com/Smartwatch-Android-Compatible-Waterproof-Pedometer/dp/B09H42C8HH/ref=zg_bsnr_7939901011_80?_encoding=UTF8&psc=1&refRID=ZRX9B3HAQYMCW7ZX3V62,https://www.amazon.com/product-reviews/B09H42C8HH/ref=zg_bsnr_7939901011_cr_80?ie=UTF8&refRID=ZRX9B3HAQYMCW7ZX3V62,4.7,70,4500,Electronics,B09H42C8HH,Pupuskyer,2021-10-01,-1,35.99,-1,2021-11-08,nr,watches,2021-11-08
180,81,"Pradory Smart Watch, Fitness Watch Activity Tracker with Blood Pressure Heart Rate…",https://www.amazon.com/Pradory-Activity-Waterproof-Bluetooth-Smartwatch/dp/B09JFTRQWD/ref=zg_bsnr_7939901011_81?_encoding=UTF8&psc=1&refRID=ZRX9B3HAQYMCW7ZX3V62,https://www.amazon.com/product-reviews/B09JFTRQWD/ref=zg_bsnr_7939901011_cr_81?ie=UTF8&refRID=ZRX9B3HAQYMCW7ZX3V62,4.8,1066,4503,Electronics,B09JFTRQWD,Pradory,2021-10-14,-1,32.99,-1,2021-11-08,nr,watches,2021-11-08
181,82,"Cillso Smart Watch, 1.69''Fitness Tracker for Men Women, Smartwatch Heart Rate/Sleep…",https://www.amazon.com/Cillso-1-69Fitness-Smartwatch-Waterproof-Notification/dp/B09F6DQ4WV/ref=zg_bsnr_7939901011_82?_encoding=UTF8&psc=1&refRID=ZRX9B3HAQYMCW7ZX3V62,https://www.amazon.com/product-reviews/B09F6DQ4WV/ref=zg_bsnr_7939901011_cr_82?ie=UTF8&refRID=ZRX9B3HAQYMCW7ZX3V62,5.0,94,4641,Electronics,B09F6DQ4WV,Cillso,2021-09-06,-1,49.99,-1,2021-11-08,nr,watches,2021-11-08
182,83,"Apple Watch Series 7 GPS + Cellular, 45mm Gold Stainless Steel Case with Dark Cherry…",https://www.amazon.com/Apple-Watch-Cellular-Stainless-Cherry/dp/B09HFGT6DX/ref=zg_bsnr_7939901011_83?_encoding=UTF8&psc=1&refRID=ZRX9B3HAQYMCW7ZX3V62,https://www.amazon.com/product-reviews/B09HFGT6DX/ref=zg_bsnr_7939901011_cr_83?ie=UTF8&refRID=ZRX9B3HAQYMCW7ZX3V62,4.5,86,-1,Electronics,B09HFGT6DX,Apple,?September 28 2021,-1,719.00,-1,2021-11-08,nr,watches,2021-11-08
183,84,"Smart Watch 2021 for Women, Fitness Tracker 1.69"" Touch Screen Smartwatch Fitness…",https://www.amazon.com/Fitness-Smartwatch-Waterproof-Pedometer-Activity/dp/B09C85HCKV/ref=zg_bsnr_7939901011_84?_encoding=UTF8&psc=1&refRID=ZRX9B3HAQYMCW7ZX3V62,https://www.amazon.com/product-reviews/B09C85HCKV/ref=zg_bsnr_7939901011_cr_84?ie=UTF8&refRID=ZRX9B3HAQYMCW7ZX3V62,3.5,216,4742,Electronics,B09C85HCKV,Ordtop,2021-08-11,-1,37.98,-1,2021-11-08,nr,watches,2021-11-08
184,85,"Smart Watch for Women, 1.69"" Touch Screen Fitness Tracker with 24 Sports, IP67…",https://www.amazon.com/Fitness-Waterproof-Smartwatch-Stopwatch-Activity/dp/B09F2RJCGD/ref=zg_bsnr_7939901011_85?_encoding=UTF8&psc=1&refRID=ZRX9B3HAQYMCW7ZX3V62,https://www.amazon.com/product-reviews/B09F2RJCGD/ref=zg_bsnr_7939901011_cr_85?ie=UTF8&refRID=ZRX9B3HAQYMCW7ZX3V62,4.8,207,4803,Electronics,B09F2RJCGD,Togala,2021-10-18,-1,45.99,-1,2021-11-08,nr,watches,2021-11-08
185,86,Samsung Galaxy Watch 4 44mm Smartwatch with ECG Monitor Tracker for Health Fitness…,https://www.amazon.com/Samsung-Smartwatch-Monitor-Tracker-Detection/dp/B096BLVKDT/ref=zg_bsnr_7939901011_86?_encoding=UTF8&psc=1&refRID=ZRX9B3HAQYMCW7ZX3V62,https://www.amazon.com/product-reviews/B096BLVKDT/ref=zg_bsnr_7939901011_cr_86?ie=UTF8&refRID=ZRX9B3HAQYMCW7ZX3V62,4.5,956,4813,Electronics,B096BLVKDT,Samsung Electronics,2021-08-11,-1,329.99,-1,2021-11-08,nr,watches,2021-11-08
186,87,"Kids Smartwatches for Girls Boys - Waterproof Kids Smart Watches Phone, HD IPS Touch…",https://www.amazon.com/Kids-Smartwatches-Girls-Boys-Waterproof/dp/B09C236LRW/ref=zg_bsnr_7939901011_87?_encoding=UTF8&psc=1&refRID=ZRX9B3HAQYMCW7ZX3V62,https://www.amazon.com/product-reviews/B09C236LRW/ref=zg_bsnr_7939901011_cr_87?ie=UTF8&refRID=ZRX9B3HAQYMCW7ZX3V62,5.0,11,4822,Electronics,B09C236LRW,JOJOHOY,2021-08-31,-1,38.99,-1,2021-11-08,nr,watches,2021-11-08
187,88,"Fitniv Smart Watch, 1.55 Inch LCD Color Touch Screen Smartwatch for Android and iOS…",https://www.amazon.com/Smartwatch-Android-Monitor-Waterproof-Pedometer/dp/B09BN2T7KL/ref=zg_bsnr_7939901011_88?_encoding=UTF8&psc=1&refRID=ZRX9B3HAQYMCW7ZX3V62,https://www.amazon.com/product-reviews/B09BN2T7KL/ref=zg_bsnr_7939901011_cr_88?ie=UTF8&refRID=ZRX9B3HAQYMCW7ZX3V62,4.2,127,4855,Electronics,B09BN2T7KL,FITNIV,2021-08-22,-1,45.99,-1,2021-11-08,nr,watches,2021-11-08
188,89,"Blackview Smart Watch for Android Phones Compatible with iPhone Samsung, Fitness…",https://www.amazon.com/Blackview-Android-Compatible-Waterproof-Pedometer/dp/B0995T8JSJ/ref=zg_bsnr_7939901011_89?_encoding=UTF8&psc=1&refRID=ZRX9B3HAQYMCW7ZX3V62,https://www.amazon.com/product-reviews/B0995T8JSJ/ref=zg_bsnr_7939901011_cr_89?ie=UTF8&refRID=ZRX9B3HAQYMCW7ZX3V62,4.3,1294,4991,Electronics,B0995T8JSJ,Blackview,2021-07-12,-1,39.99,-1,2021-11-08,nr,watches,2021-11-08
189,90,"Smart Watch (Answer/Make Call), IP67 Waterproof Fitness Watch with Blood…",https://www.amazon.com/Waterproof-Fitness-Pressure-Tracker-Control/dp/B09F683WNF/ref=zg_bsnr_7939901011_90?_encoding=UTF8&psc=1&refRID=ZRX9B3HAQYMCW7ZX3V62,https://www.amazon.com/product-reviews/B09F683WNF/ref=zg_bsnr_7939901011_cr_90?ie=UTF8&refRID=ZRX9B3HAQYMCW7ZX3V62,3.9,23,5002,Electronics,B09F683WNF,Geelyda,2021-09-17,-1,52.99,-1,2021-11-08,nr,watches,2021-11-08
190,91,"Togala Smart Watch, 1.69 Inch Touch Screen Fitness Watches for Women Sports, Fitness…",https://www.amazon.com/Togala-Fitness-Watches-Activity-Waterproof/dp/B09CY4NH78/ref=zg_bsnr_7939901011_91?_encoding=UTF8&psc=1&refRID=ZRX9B3HAQYMCW7ZX3V62,https://www.amazon.com/product-reviews/B09CY4NH78/ref=zg_bsnr_7939901011_cr_91?ie=UTF8&refRID=ZRX9B3HAQYMCW7ZX3V62,4.1,525,5019,Electronics,B09CY4NH78,Togala,2021-08-22,-1,42.99,-1,2021-11-08,nr,watches,2021-11-08
191,92,Galaxy Watch 4 40mm Smartwatch with ECG Monitor Tracker for Health Fitness Running…,https://www.amazon.com/Smartwatch-Monitor-Tracker-Fitness-Detection/dp/B096BK3D6H/ref=zg_bsnr_7939901011_92?_encoding=UTF8&psc=1&refRID=ZRX9B3HAQYMCW7ZX3V62,https://www.amazon.com/product-reviews/B096BK3D6H/ref=zg_bsnr_7939901011_cr_92?ie=UTF8&refRID=ZRX9B3HAQYMCW7ZX3V62,4.5,956,5050,Electronics,B096BK3D6H,Samsung Electronics,2021-08-11,-1,249.99,-1,2021-11-08,nr,watches,2021-11-08
192,93,"Smart Watch for Men Women, Fitness Tracker 1.69 Full Touch Screen Smartwatch with…",https://www.amazon.com/Fitness-Smartwatch-Waterproof-Pedometer-Activity/dp/B0992CF7XJ/ref=zg_bsnr_7939901011_93?_encoding=UTF8&psc=1&refRID=ZRX9B3HAQYMCW7ZX3V62,https://www.amazon.com/product-reviews/B0992CF7XJ/ref=zg_bsnr_7939901011_cr_93?ie=UTF8&refRID=ZRX9B3HAQYMCW7ZX3V62,3.8,348,5074,Electronics,B0992CF7XJ,Coucur,2021-07-12,-1,49.99,-1,2021-11-08,nr,watches,2021-11-08
193,94,"OBKBO Smart Watches for Women, 1.69"" Smart Watch for Android Phones and iPhone…",https://www.amazon.com/OBKBO-Compatible-Waterproof-Menstrual-Reminder/dp/B09HXM228V/ref=zg_bsnr_7939901011_94?_encoding=UTF8&psc=1&refRID=ZRX9B3HAQYMCW7ZX3V62,https://www.amazon.com/product-reviews/B09HXM228V/ref=zg_bsnr_7939901011_cr_94?ie=UTF8&refRID=ZRX9B3HAQYMCW7ZX3V62,5.0,29,5105,Electronics,B09HXM228V,OBKBO,2021-10-07,-1,49.99,-1,2021-11-08,nr,watches,2021-11-08
194,95,"Deeprio Smart Watch for Android iOS Phones, 1.52"" HD Screen Personalized Watch Faces…",https://www.amazon.com/Deeprio-Personalized-Waterproof-Smartwatches-Vidaa/dp/B097SSFRTM/ref=zg_bsnr_7939901011_95?_encoding=UTF8&psc=1&refRID=ZRX9B3HAQYMCW7ZX3V62,https://www.amazon.com/product-reviews/B097SSFRTM/ref=zg_bsnr_7939901011_cr_95?ie=UTF8&refRID=ZRX9B3HAQYMCW7ZX3V62,4.4,76,5114,Electronics,B097SSFRTM,Deeprio,2021-09-13,-1,39.99,-1,2021-11-08,nr,watches,2021-11-08
195,96,"Smart Watch for Android iOS Phones, ZOSKVEE Smartwatch with Heart Rate Sleep…",https://www.amazon.com/Android-ZOSKVEE-Smartwatch-Pedometer-Waterproof/dp/B09CCQD21D/ref=zg_bsnr_7939901011_96?_encoding=UTF8&psc=1&refRID=ZRX9B3HAQYMCW7ZX3V62,https://www.amazon.com/product-reviews/B09CCQD21D/ref=zg_bsnr_7939901011_cr_96?ie=UTF8&refRID=ZRX9B3HAQYMCW7ZX3V62,4.4,116,5134,Electronics,B09CCQD21D,ZOSKVEE,2021-08-12,-1,33.99,-1,2021-11-08,nr,watches,2021-11-08
196,97,"2021 Smart Watches for Women, Fitness Tracker with Blood Pressure Heart Rate…",https://www.amazon.com/Pressure-Waterproof-Activity-Pedometer-Smartwatch/dp/B09G38YH9C/ref=zg_bsnr_7939901011_97?_encoding=UTF8&psc=1&refRID=ZRX9B3HAQYMCW7ZX3V62,https://www.amazon.com/product-reviews/B09G38YH9C/ref=zg_bsnr_7939901011_cr_97?ie=UTF8&refRID=ZRX9B3HAQYMCW7ZX3V62,4.1,19,5259,Electronics,B09G38YH9C,SOUYIE,2021-09-13,-1,98.59,-1,2021-11-08,nr,watches,2021-11-08
197,98,Kids Smart Watch Girls Boys - Smart Watch for Kids Watches Ages 4-12 Years with 17…,https://www.amazon.com/Kids-Smart-Watch-Girls-Boys/dp/B095KCR645/ref=zg_bsnr_7939901011_98?_encoding=UTF8&psc=1&refRID=ZRX9B3HAQYMCW7ZX3V62,https://www.amazon.com/product-reviews/B095KCR645/ref=zg_bsnr_7939901011_cr_98?ie=UTF8&refRID=ZRX9B3HAQYMCW7ZX3V62,4.2,104,5299,Electronics,B095KCR645,INIUPO,2021-06-29,-1,37.99,-1,2021-11-08,nr,watches,2021-11-08
198,99,"Doubc Smart Watch, 1.69'' HD Full Touch Screen Fitness Watches Sport Tracker with…",https://www.amazon.com/Doubc-Stopwatch-Pedometer-Waterproof-Smartwatch/dp/B09C7XLNHQ/ref=zg_bsnr_7939901011_99?_encoding=UTF8&psc=1&refRID=ZRX9B3HAQYMCW7ZX3V62,https://www.amazon.com/product-reviews/B09C7XLNHQ/ref=zg_bsnr_7939901011_cr_99?ie=UTF8&refRID=ZRX9B3HAQYMCW7ZX3V62,4.1,345,5393,Electronics,B09C7XLNHQ,Doubc,2021-08-10,-1,49.99,-1,2021-11-08,nr,watches,2021-11-08
199,100,Smart Watch Fitness Tracker for Android Phones and iOS Phones - Touch Screen IP67…,https://www.amazon.com/Smart-Fitness-Tracker-Android-Phones/dp/B09FSS812J/ref=zg_bsnr_7939901011_100?_encoding=UTF8&psc=1&refRID=ZRX9B3HAQYMCW7ZX3V62,https://www.amazon.com/product-reviews/B09FSS812J/ref=zg_bsnr_7939901011_cr_100?ie=UTF8&refRID=ZRX9B3HAQYMCW7ZX3V62,4.0,5,5516,Electronics,B09FSS812J,LODAPUG,2021-09-09,-1,59.99,-1,2021-11-08,nr,watches,2021-11-08
